Nitrogen;phosphorus;potassium;ph;Label Kualitas
90;42;43;6,502985292;Kurang Sehat
85;58;41;7,038096361;Kurang Sehat
60;55;44;7,840207144;Kurang Sehat
74;35;40;6,980400905;Kurang Sehat
78;42;42;7,628472891;Kurang Sehat
69;37;42;7,073453503;Kurang Sehat
69;55;38;5,70080568;Kurang Sehat
94;53;40;5,718627178;Kurang Sehat
89;54;38;6,685346424;Kurang Sehat
68;58;38;6,336253525;Kurang Sehat
91;53;40;5,386167788;Kurang Sehat
90;46;42;7,50283396;Kurang Sehat
78;58;44;5,108681786;Kurang Sehat
93;56;36;6,98435366;Kurang Sehat
94;50;37;6,94801983;Kurang Sehat
60;48;39;7,042299069;Kurang Sehat
85;38;41;6,249050656;Kurang Sehat
91;35;39;6,970859754;Kurang Sehat
77;38;36;5,953933276;Kurang Sehat
88;35;40;5,85393208;Kurang Sehat
89;45;36;6,442475375;Kurang Sehat
76;40;43;5,070175667;Kurang Sehat
67;59;41;6,012632591;Kurang Sehat
83;41;43;6,254028451;Kurang Sehat
98;47;37;7,375482851;Kurang Sehat
66;53;41;7,778915154;Kurang Sehat
97;59;43;6,286500176;Kurang Sehat
97;50;41;7,070959995;Kurang Sehat
60;49;44;6,244841491;Kurang Sehat
84;51;35;6,043304899;Kurang Sehat
73;57;41;5,824709117;Kurang Sehat
92;35;40;6,357389366;Kurang Sehat
85;37;39;6,364134968;Kurang Sehat
98;53;38;5,01450727;Kurang Sehat
88;54;44;6,149410611;Kurang Sehat
95;55;42;5,950660556;Kurang Sehat
99;57;35;5,960370061;Kurang Sehat
95;39;36;5,561398642;Kurang Sehat
60;43;44;7,416245107;Kurang Sehat
63;44;41;5,583370042;Kurang Sehat
62;42;36;6,430010215;Kurang Sehat
64;45;43;5,534878156;Kurang Sehat
83;60;36;6,903985986;Kurang Sehat
82;40;40;6,271478838;Kurang Sehat
85;52;45;7,224285503;Kurang Sehat
91;35;38;6,13428721;Kurang Sehat
76;49;42;5,206373153;Kurang Sehat
74;39;38;7,782051313;Kurang Sehat
79;43;39;7,062779015;Kurang Sehat
88;55;45;7,730367824;Kurang Sehat
60;36;43;5,286203711;Kurang Sehat
76;60;39;6,766240045;Kurang Sehat
93;56;42;7,382762603;Kurang Sehat
65;60;43;5,658169482;Kurang Sehat
95;52;36;5,543360238;Kurang Sehat
75;38;39;6,215109715;Kurang Sehat
74;54;38;7,120272972;Kurang Sehat
91;36;45;5,950647577;Kurang Sehat
71;46;40;7,236705436;Kurang Sehat
99;55;35;6,501697816;Kurang Sehat
72;40;38;7,592490617;Kurang Sehat
83;58;45;5,875345751;Kurang Sehat
93;58;38;6,932400225;Kurang Sehat
70;36;42;6,946209881;Kurang Sehat
76;47;42;5,739175027;Kurang Sehat
99;41;36;6,738652179;Kurang Sehat
99;54;37;5,594819626;Kurang Sehat
86;59;35;6,946636369;Kurang Sehat
69;46;41;5,012139669;Kurang Sehat
91;56;37;6,363472208;Kurang Sehat
61;52;41;6,880431223;Kurang Sehat
67;45;38;7,300410836;Kurang Sehat
79;42;37;6,587918708;Kurang Sehat
78;43;42;7,283736617;Kurang Sehat
75;54;36;7,023936392;Kurang Sehat
97;36;45;6,939083505;Kurang Sehat
67;47;44;7,868474653;Kurang Sehat
73;35;38;5,005306977;Kurang Sehat
77;36;37;6,136131869;Kurang Sehat
81;41;38;7,524080076;Kurang Sehat
68;57;43;5,706943251;Kurang Sehat
72;45;35;5,758506323;Kurang Sehat
61;53;43;6,349606327;Kurang Sehat
67;43;39;5,999969026;Kurang Sehat
67;58;39;5,453592032;Kurang Sehat
66;60;38;6,372576327;Kurang Sehat
82;43;38;5,105588355;Kurang Sehat
84;50;44;5,935344406;Kurang Sehat
81;53;42;5,17782304;Kurang Sehat
91;50;40;6,462391607;Kurang Sehat
93;53;38;7,069172227;Kurang Sehat
90;44;38;7,473134377;Kurang Sehat
81;45;35;6,158376967;Kurang Sehat
78;40;38;7,549873681;Kurang Sehat
60;51;36;6,028321558;Kurang Sehat
88;46;42;6,604993475;Kurang Sehat
93;47;37;6,500343222;Kurang Sehat
60;55;45;5,935745417;Kurang Sehat
78;35;44;7,072655622;Kurang Sehat
65;37;40;5,333322606;Kurang Sehat
71;54;16;5,749914421;Kurang Sehat
61;44;17;6,931756558;Kurang Sehat
80;43;16;6,657964753;Kurang Sehat
73;58;21;6,596060648;Kurang Sehat
61;38;20;5,970458434;Kurang Sehat
68;41;16;6,158830619;Kurang Sehat
93;41;17;6,047906679;Kurang Sehat
89;60;19;5,913664501;Kurang Sehat
76;44;17;5,855442401;Kurang Sehat
67;60;25;5,750254943;Kurang Sehat
70;44;19;5,852607099;Kurang Sehat
90;49;21;6,472523287;Kurang Sehat
62;52;16;6,967057762;Kurang Sehat
92;44;16;6,082973754;Kurang Sehat
66;54;21;5,919045532;Kurang Sehat
63;58;22;6,204747653;Kurang Sehat
70;47;17;6,600827017;Kurang Sehat
61;41;17;6,021902237;Kurang Sehat
66;53;19;6,033550195;Kurang Sehat
74;55;19;6,28886807;Kurang Sehat
77;57;21;6,550563823;Kurang Sehat
99;50;15;5,573286437;Kurang Sehat
74;56;22;6,829199275;Kurang Sehat
83;45;21;5,716222912;Kurang Sehat
100;48;16;5,54990242;Kurang Sehat
79;51;16;6,586244581;Kurang Sehat
94;39;18;5,893093135;Kurang Sehat
75;49;15;5,918263801;Kurang Sehat
78;48;22;5,588650585;Kurang Sehat
87;54;20;6,576418207;Kurang Sehat
87;35;25;6,178056304;Kurang Sehat
63;43;19;6,641906353;Kurang Sehat
84;57;25;6,489040367;Kurang Sehat
64;35;23;5,680361038;Kurang Sehat
60;46;22;6,625404348;Kurang Sehat
98;44;21;6,524478032;Kurang Sehat
75;56;18;5,696205468;Kurang Sehat
86;55;21;6,803931519;Kurang Sehat
98;35;18;6,252797548;Kurang Sehat
76;57;18;6,092725883;Kurang Sehat
99;56;17;6,234330356;Kurang Sehat
60;44;23;5,722579819;Kurang Sehat
74;48;17;6,430616465;Kurang Sehat
89;60;17;5,983952675;Kurang Sehat
69;51;23;6,80163854;Kurang Sehat
96;46;22;6,499936446;Kurang Sehat
61;60;15;6,265564338;Kurang Sehat
74;58;18;6,727303282;Kurang Sehat
74;43;23;6,325235159;Kurang Sehat
63;43;17;6,807487794;Kurang Sehat
99;36;20;6,671085817;Kurang Sehat
77;36;23;6,648725327;Kurang Sehat
87;60;23;6,439071996;Kurang Sehat
60;38;17;6,474476516;Kurang Sehat
94;54;17;5,871647806;Kurang Sehat
95;38;22;5,730617109;Kurang Sehat
84;44;21;5,850439831;Kurang Sehat
77;58;19;5,791649933;Kurang Sehat
66;44;20;6,740000688;Kurang Sehat
63;35;16;6,272417541;Kurang Sehat
79;45;20;5,715208817;Kurang Sehat
72;60;25;5,773454729;Kurang Sehat
67;51;24;5,584171461;Kurang Sehat
86;36;24;5,787268394;Kurang Sehat
76;48;18;5,77597783;Kurang Sehat
75;53;18;6,864793607;Kurang Sehat
81;45;23;6,192360003;Kurang Sehat
73;45;21;6,636803223;Kurang Sehat
71;35;24;5,826426917;Kurang Sehat
96;54;22;6,960358276;Kurang Sehat
99;39;18;6,11275104;Kurang Sehat
62;48;20;6,708446922;Kurang Sehat
86;37;16;5,561510732;Kurang Sehat
94;50;19;5,873242491;Kurang Sehat
76;39;24;6,995843776;Kurang Sehat
77;52;17;5,714799723;Kurang Sehat
74;39;23;6,78073637;Kurang Sehat
81;49;20;5,513697923;Kurang Sehat
63;42;21;5,798423908;Kurang Sehat
99;38;21;6,352471866;Kurang Sehat
90;52;25;6,822586546;Kurang Sehat
68;40;19;6,655426355;Kurang Sehat
60;57;24;6,121294041;Kurang Sehat
71;52;18;5,790770203;Kurang Sehat
61;59;17;6,47444292;Kurang Sehat
88;38;15;6,455116637;Kurang Sehat
65;60;22;6,606984086;Kurang Sehat
78;37;22;6,330554389;Kurang Sehat
78;58;15;6,528631266;Kurang Sehat
92;60;23;5,721667141;Kurang Sehat
79;59;17;6,644205485;Kurang Sehat
91;55;15;6,376651091;Kurang Sehat
76;51;18;6,247040422;Kurang Sehat
87;48;25;6,656730008;Kurang Sehat
71;60;22;6,2048017;Kurang Sehat
90;57;24;6,158860284;Kurang Sehat
67;35;22;6,385684214;Kurang Sehat
60;54;19;6,417820493;Kurang Sehat
83;58;23;6,381201909;Kurang Sehat
83;57;19;6,877869005;Kurang Sehat
40;72;77;7,485996067;Kurang Sehat
23;72;84;6,920251378;Kurang Sehat
39;58;85;5,996932037;Kurang Sehat
22;72;85;6,391173589;Kurang Sehat
36;67;77;7,152811172;Kurang Sehat
32;73;81;5,988992796;Kurang Sehat
58;70;84;6,231049028;Kurang Sehat
59;70;84;7,550808267;Kurang Sehat
42;62;75;7,010570541;Kurang Sehat
28;74;81;8,753795334;Tidak Sehat
58;66;79;8,718192847;Tidak Sehat
43;66;79;7,976607593;Kurang Sehat
58;63;81;6,515499549;Kurang Sehat
23;62;85;8,490127142;Kurang Sehat
27;62;77;6,576415562;Kurang Sehat
28;72;84;6,481783043;Kurang Sehat
50;56;76;7,966605025;Kurang Sehat
39;71;84;8,140825437;Kurang Sehat
25;78;76;7,228963452;Kurang Sehat
31;70;77;6,492546046;Kurang Sehat
26;80;83;7,528599957;Kurang Sehat
25;68;77;7,701446446;Kurang Sehat
31;78;76;8,519975748;Tidak Sehat
60;68;83;6,620900869;Kurang Sehat
59;62;83;8,104396058;Kurang Sehat
22;67;78;6,204090835;Kurang Sehat
36;65;80;6,051091339;Kurang Sehat
59;60;84;7,690962338;Kurang Sehat
54;77;85;7,829211144;Kurang Sehat
43;68;81;6,761599706;Kurang Sehat
28;76;82;6,654425315;Kurang Sehat
42;79;85;6,129533877;Kurang Sehat
32;60;83;8,829273328;Tidak Sehat
22;78;76;8,621662982;Tidak Sehat
31;79;75;8,204862075;Kurang Sehat
28;58;81;6,18042747;Kurang Sehat
57;58;77;7,978996755;Kurang Sehat
49;55;78;7,863113671;Kurang Sehat
46;76;77;6,967843048;Kurang Sehat
54;61;77;6,206582193;Kurang Sehat
38;60;76;8,868741443;Tidak Sehat
59;55;79;8,766128654;Tidak Sehat
36;76;75;8,736337905;Tidak Sehat
57;68;81;8,081095263;Kurang Sehat
35;66;81;6,138243973;Kurang Sehat
35;64;78;7,496645259;Kurang Sehat
52;60;79;8,380185271;Kurang Sehat
27;76;83;6,289614016;Kurang Sehat
57;60;84;6,586777189;Kurang Sehat
52;68;78;6,89655198;Kurang Sehat
43;79;79;7,806747656;Kurang Sehat
44;74;85;7,150681303;Kurang Sehat
24;55;78;6,64919573;Kurang Sehat
29;77;75;7,778591618;Kurang Sehat
20;60;78;6,358740355;Kurang Sehat
56;67;78;8,255450758;Kurang Sehat
37;66;85;6,456148474;Kurang Sehat
49;71;76;6,613072145;Kurang Sehat
59;69;80;8,165359297;Kurang Sehat
20;79;77;7,64867466;Kurang Sehat
24;56;85;6,545888558;Kurang Sehat
51;72;75;7,104224797;Kurang Sehat
57;73;85;7,358099622;Kurang Sehat
22;64;82;6,4740245;Kurang Sehat
52;73;79;7,840339389;Kurang Sehat
29;75;75;7,064790365;Kurang Sehat
44;59;78;7,599033472;Kurang Sehat
41;69;82;6,715587232;Kurang Sehat
52;56;85;6,81712422;Kurang Sehat
34;76;80;7,985417393;Kurang Sehat
42;74;83;7,545258424;Kurang Sehat
34;71;79;7,728998197;Kurang Sehat
27;73;79;7,354973451;Kurang Sehat
30;70;79;7,313122235;Kurang Sehat
57;57;75;7,785039076;Kurang Sehat
27;79;82;6,307004923;Kurang Sehat
32;71;85;6,403982316;Kurang Sehat
31;76;82;7,599279991;Kurang Sehat
33;75;84;7,217018459;Kurang Sehat
47;80;77;7,561108006;Kurang Sehat
54;62;80;7,489545074;Kurang Sehat
47;79;78;6,609696734;Kurang Sehat
35;57;83;7,476800943;Kurang Sehat
53;73;77;7,325451279;Kurang Sehat
45;61;78;6,489389282;Kurang Sehat
37;78;79;7,786366322;Kurang Sehat
30;75;81;6,408437886;Kurang Sehat
37;55;82;8,423873703;Kurang Sehat
53;65;76;8,719960893;Tidak Sehat
22;60;85;7,811997977;Kurang Sehat
60;61;78;6,317153205;Kurang Sehat
42;67;77;7,114405288;Kurang Sehat
39;76;76;8,135900726;Kurang Sehat
35;63;76;7,714153038;Kurang Sehat
30;65;82;7,103798069;Kurang Sehat
57;56;78;8,861479668;Tidak Sehat
48;65;78;7,861128148;Kurang Sehat
36;56;83;7,4526709;Kurang Sehat
40;58;75;7,168096055;Kurang Sehat
49;69;82;7,26311855;Kurang Sehat
13;60;25;5,68597166;Kurang Sehat
25;70;16;5,759237003;Kurang Sehat
31;55;22;5,873171894;Kurang Sehat
40;64;16;5,926676985;Kurang Sehat
2;61;20;5,95561668;Kurang Sehat
26;65;22;5,949949081;Kurang Sehat
17;57;21;5,789214289;Kurang Sehat
26;80;18;5,581021521;Kurang Sehat
17;59;17;5,689858133;Kurang Sehat
27;59;22;5,794158504;Kurang Sehat
28;58;24;5,748190463;Kurang Sehat
25;57;19;5,566522896;Kurang Sehat
28;80;17;5,809419584;Kurang Sehat
25;60;22;5,887263027;Kurang Sehat
12;78;23;5,99812453;Kurang Sehat
6;77;25;5,792744849;Kurang Sehat
22;79;17;5,912289889;Kurang Sehat
27;80;15;5,788386951;Kurang Sehat
10;55;23;5,728233081;Kurang Sehat
23;65;20;5,833940084;Kurang Sehat
19;78;16;5,967533236;Kurang Sehat
19;65;25;5,625096446;Kurang Sehat
22;70;19;5,515615023;Kurang Sehat
37;64;22;5,954665349;Kurang Sehat
11;71;17;5,74644777;Kurang Sehat
18;79;20;5,877347515;Kurang Sehat
21;63;17;5,979973965;Kurang Sehat
24;80;22;5,635993966;Kurang Sehat
34;60;22;5,635231778;Kurang Sehat
16;75;21;5,679224346;Kurang Sehat
17;77;23;5,670062975;Kurang Sehat
37;72;18;5,724242065;Kurang Sehat
40;73;20;5,811314232;Kurang Sehat
9;77;17;5,783425416;Kurang Sehat
1;62;23;5,607808432;Kurang Sehat
33;59;22;5,946999529;Kurang Sehat
23;59;19;5,852046999;Kurang Sehat
6;62;22;5,824090984;Kurang Sehat
25;63;20;5,502999119;Kurang Sehat
7;79;23;5,821649914;Kurang Sehat
8;72;17;5,711439256;Kurang Sehat
27;64;15;5,514927264;Kurang Sehat
28;66;23;5,99616119;Kurang Sehat
32;57;18;5,695422863;Kurang Sehat
27;56;22;5,833010958;Kurang Sehat
17;77;24;5,568456899;Kurang Sehat
0;65;15;5,645435626;Kurang Sehat
13;72;21;5,821194486;Kurang Sehat
34;60;23;5,659254981;Kurang Sehat
9;80;19;5,945465949;Kurang Sehat
11;72;20;5,951177452;Kurang Sehat
3;67;24;5,520880014;Kurang Sehat
35;69;23;5,578410206;Kurang Sehat
3;77;25;5,608165195;Kurang Sehat
23;62;19;5,609435128;Kurang Sehat
22;71;17;5,509295379;Kurang Sehat
31;79;25;5,902033406;Kurang Sehat
34;59;18;5,744117663;Kurang Sehat
12;63;17;5,717143397;Kurang Sehat
27;56;20;5,542690119;Kurang Sehat
7;63;24;5,858617867;Kurang Sehat
24;67;22;5,618844277;Kurang Sehat
11;71;24;5,606620346;Kurang Sehat
37;74;15;5,582178402;Kurang Sehat
25;76;24;5,56503533;Kurang Sehat
34;66;17;5,889614577;Kurang Sehat
20;69;15;5,934136378;Kurang Sehat
37;65;16;5,683548308;Kurang Sehat
18;74;15;5,70836603;Kurang Sehat
4;67;25;5,948164454;Kurang Sehat
37;56;25;5,774755144;Kurang Sehat
5;59;15;5,97229163;Kurang Sehat
11;61;21;5,532100554;Kurang Sehat
22;80;20;5,669560726;Kurang Sehat
12;61;19;5,655726817;Kurang Sehat
5;74;21;5,591704014;Kurang Sehat
27;69;22;5,932323085;Kurang Sehat
31;75;18;5,824208309;Kurang Sehat
36;68;20;5,86442953;Kurang Sehat
5;65;16;5,866744372;Kurang Sehat
32;79;15;5,706198621;Kurang Sehat
11;78;22;5,940546818;Kurang Sehat
0;55;22;5,916779289;Kurang Sehat
14;59;15;5,779090476;Kurang Sehat
29;68;23;5,82738029;Kurang Sehat
32;68;19;5,514234138;Kurang Sehat
17;64;17;5,662699104;Kurang Sehat
13;69;19;5,86390397;Kurang Sehat
14;67;22;5,624690248;Kurang Sehat
9;69;20;5,591560999;Kurang Sehat
20;73;22;5,976312538;Kurang Sehat
40;78;20;5,669236258;Kurang Sehat
27;72;23;5,961934481;Kurang Sehat
14;67;15;5,690065688;Kurang Sehat
7;56;18;5,698371311;Kurang Sehat
27;65;18;5,59503163;Kurang Sehat
30;63;16;5,525904526;Kurang Sehat
37;70;25;5,819403771;Kurang Sehat
27;63;19;5,562201934;Kurang Sehat
22;60;24;5,630664753;Kurang Sehat
3;72;24;6,03160778;Kurang Sehat
40;59;23;5,269084669;Kurang Sehat
33;73;23;5,985792703;Kurang Sehat
27;57;24;6,09186275;Kurang Sehat
10;79;18;5,624731338;Kurang Sehat
30;75;25;6,446091759;Kurang Sehat
40;70;20;5,623490043;Kurang Sehat
38;55;19;5,864623352;Kurang Sehat
35;58;20;5,761702519;Kurang Sehat
38;61;21;4,696518678;Kurang Sehat
33;58;24;5,269504214;Kurang Sehat
16;56;17;7,445444883;Kurang Sehat
31;72;17;5,833031708;Kurang Sehat
16;80;20;7,339320929;Kurang Sehat
27;72;17;6,347929353;Kurang Sehat
40;62;19;4,697750704;Kurang Sehat
18;58;16;4,962661422;Kurang Sehat
3;68;16;4,964887857;Kurang Sehat
26;67;24;5,642813116;Kurang Sehat
16;70;20;5,6093956;Kurang Sehat
24;63;19;4,681576043;Kurang Sehat
9;76;25;5,70951224;Kurang Sehat
16;55;19;6,413543781;Kurang Sehat
28;75;21;6,007508163;Kurang Sehat
16;71;24;4,946369874;Kurang Sehat
24;70;21;5,517208078;Kurang Sehat
38;72;21;5,902103172;Kurang Sehat
9;66;21;5,719889876;Kurang Sehat
34;56;17;4,548202098;Kurang Sehat
1;76;19;6,669529416;Kurang Sehat
6;69;19;4,750929218;Kurang Sehat
26;73;21;4,946263888;Kurang Sehat
27;61;18;5,266227032;Kurang Sehat
27;71;23;7,10959773;Kurang Sehat
36;61;21;5,617008201;Kurang Sehat
17;73;18;5,632353113;Kurang Sehat
26;72;22;4,674941549;Kurang Sehat
17;64;16;7,161797643;Kurang Sehat
14;74;19;6,624966131;Kurang Sehat
39;60;15;5,004074624;Kurang Sehat
6;66;15;6,345806011;Kurang Sehat
8;59;18;6,216814453;Kurang Sehat
2;67;18;5,921666758;Kurang Sehat
1;76;17;6,012719118;Kurang Sehat
16;73;19;4,684079249;Kurang Sehat
23;75;25;7,077170002;Kurang Sehat
32;70;20;6,208843215;Kurang Sehat
28;59;22;7,05181629;Kurang Sehat
5;62;23;4,722222454;Kurang Sehat
36;67;25;6,418062652;Kurang Sehat
1;66;23;4,803564468;Kurang Sehat
24;73;20;4,608695247;Kurang Sehat
17;67;18;5,611510977;Kurang Sehat
5;55;18;7,322097972;Kurang Sehat
5;56;24;5,023115055;Kurang Sehat
37;77;17;5,617122801;Kurang Sehat
13;73;20;5,391560418;Kurang Sehat
6;63;23;5,906596905;Kurang Sehat
16;77;22;6,574209678;Kurang Sehat
25;64;20;4,807776749;Kurang Sehat
34;75;24;4,760038039;Kurang Sehat
20;77;23;5,180271502;Kurang Sehat
35;80;25;4,895927306;Kurang Sehat
14;75;24;6,436160044;Kurang Sehat
36;80;21;7,066087261;Kurang Sehat
7;77;18;6,655918078;Kurang Sehat
29;78;25;5,982854523;Kurang Sehat
30;60;21;5,457871273;Kurang Sehat
20;74;16;4,759490199;Kurang Sehat
19;57;23;7,342409555;Kurang Sehat
3;60;19;4,820788186;Kurang Sehat
5;77;19;6,242052013;Kurang Sehat
5;68;20;5,001038726;Kurang Sehat
37;73;21;5,560224583;Kurang Sehat
9;59;24;4,747352458;Kurang Sehat
20;72;15;7,313517308;Kurang Sehat
31;56;23;5,661826398;Kurang Sehat
0;70;21;4,672437054;Kurang Sehat
21;74;15;6,471862118;Kurang Sehat
13;67;18;5,384762927;Kurang Sehat
27;74;20;5,859813416;Kurang Sehat
29;72;24;6,962386495;Kurang Sehat
5;68;20;6,12166671;Kurang Sehat
39;57;19;6,421748487;Kurang Sehat
22;62;16;4,828936119;Kurang Sehat
18;55;23;6,98571967;Kurang Sehat
39;77;21;4,603563116;Kurang Sehat
13;75;20;6,979540061;Kurang Sehat
27;71;24;7,064973419;Kurang Sehat
26;64;22;5,16516459;Kurang Sehat
23;55;16;5,111488821;Kurang Sehat
4;69;19;5,374358869;Kurang Sehat
20;67;19;5,671419084;Kurang Sehat
7;74;17;5,667419697;Kurang Sehat
17;64;18;6,07938452;Kurang Sehat
35;71;17;6,931924963;Kurang Sehat
11;72;22;6,842744374;Kurang Sehat
20;60;22;6,876572503;Kurang Sehat
10;71;18;6,151029296;Kurang Sehat
33;61;24;4,567446499;Kurang Sehat
3;49;18;3,692863601;Tidak Sehat
22;59;23;4,371745575;Tidak Sehat
36;58;25;8,399135958;Kurang Sehat
4;43;18;8,840656256;Tidak Sehat
29;54;16;8,153022903;Kurang Sehat
32;43;22;5,270749441;Kurang Sehat
14;55;15;8,050304395;Kurang Sehat
5;35;20;9,679240873;Tidak Sehat
25;57;24;6,974978386;Kurang Sehat
11;53;24;7,39389918;Kurang Sehat
40;49;17;6,68727523;Kurang Sehat
38;56;25;7,88118645;Kurang Sehat
27;43;23;5,875333778;Kurang Sehat
24;38;22;8,202706015;Kurang Sehat
23;45;21;8,985348193;Tidak Sehat
29;57;20;5,87707519;Kurang Sehat
31;35;23;7,707595055;Kurang Sehat
0;55;25;4,524171562;Kurang Sehat
7;45;22;9,926212291;Tidak Sehat
17;58;25;6,455592696;Kurang Sehat
11;44;17;8,016210782;Kurang Sehat
22;49;22;3,71105919;Tidak Sehat
9;51;19;5,49091063;Kurang Sehat
28;48;15;9,254089438;Tidak Sehat
26;50;19;6,005242945;Kurang Sehat
36;56;20;7,437078236;Kurang Sehat
8;60;18;3,808429173;Tidak Sehat
24;37;21;5,818219385;Kurang Sehat
22;43;24;4,52363558;Kurang Sehat
36;43;24;3,510404312;Tidak Sehat
22;44;24;6,030447288;Kurang Sehat
17;43;22;5,498340808;Kurang Sehat
8;45;15;4,61136408;Kurang Sehat
7;56;23;5,545219232;Kurang Sehat
36;57;16;8,292875734;Kurang Sehat
11;45;19;3,828031463;Tidak Sehat
6;36;22;8,869532817;Tidak Sehat
17;57;20;3,793575185;Tidak Sehat
4;47;20;4,193189124;Tidak Sehat
9;49;16;7,661537348;Kurang Sehat
25;51;24;9,392694614;Tidak Sehat
36;44;21;4,516154055;Kurang Sehat
21;38;20;5,794289715;Kurang Sehat
37;57;20;7,354286985;Kurang Sehat
32;48;18;5,993513566;Kurang Sehat
29;44;20;8,620107545;Tidak Sehat
25;51;18;9,45949344;Tidak Sehat
10;44;24;8,0344125;Kurang Sehat
23;35;18;5,414492777;Kurang Sehat
9;60;23;6,276004336;Kurang Sehat
3;58;21;9,160691747;Tidak Sehat
22;42;22;7,887658711;Kurang Sehat
12;39;21;8,183844843;Kurang Sehat
39;36;22;9,072011412;Tidak Sehat
32;41;16;7,702287236;Kurang Sehat
30;41;15;5,88509677;Kurang Sehat
19;36;22;6,16496284;Kurang Sehat
4;46;15;3,504752314;Tidak Sehat
21;39;20;7,388007483;Kurang Sehat
35;57;25;8,340398059;Kurang Sehat
22;55;24;8,66077954;Tidak Sehat
35;51;17;3,558822825;Tidak Sehat
17;56;17;5,9565851;Kurang Sehat
28;57;17;9,416003106;Tidak Sehat
22;36;16;8,18422855;Kurang Sehat
11;41;19;5,131779302;Kurang Sehat
38;38;18;6,294130313;Kurang Sehat
23;37;24;7,991902443;Kurang Sehat
25;35;20;8,923095695;Tidak Sehat
40;45;20;6,878498176;Kurang Sehat
23;58;19;5,243634849;Kurang Sehat
2;56;23;7,550090941;Kurang Sehat
3;56;17;8,709291688;Tidak Sehat
26;51;25;7,792508068;Kurang Sehat
39;42;20;8,055908858;Kurang Sehat
27;59;20;4,397698806;Tidak Sehat
24;45;19;5,952384957;Kurang Sehat
7;40;17;8,532078733;Tidak Sehat
15;45;23;7,224193642;Kurang Sehat
26;52;23;4,931890506;Kurang Sehat
20;45;16;4,626212446;Kurang Sehat
34;54;24;5,026003659;Kurang Sehat
19;51;25;3,5253661;Tidak Sehat
29;41;21;8,86979671;Tidak Sehat
20;50;22;9,406887533;Tidak Sehat
11;40;23;5,80428611;Kurang Sehat
15;54;15;8,35495812;Kurang Sehat
35;55;22;8,634929739;Tidak Sehat
9;59;25;7,699200949;Kurang Sehat
40;45;18;5,261285926;Kurang Sehat
35;38;19;9,112771682;Tidak Sehat
14;58;17;4,605700542;Kurang Sehat
40;55;18;7,115994051;Kurang Sehat
18;36;23;7,214078621;Kurang Sehat
35;52;15;9,93509073;Tidak Sehat
4;59;22;8,914074888;Tidak Sehat
22;51;16;8,639586199;Tidak Sehat
33;47;17;8,621514073;Tidak Sehat
2;51;17;5,838508699;Kurang Sehat
16;51;21;3,532008668;Tidak Sehat
19;55;20;7,18530147;Kurang Sehat
8;54;20;7,034214276;Kurang Sehat
36;55;20;6,635968698;Kurang Sehat
10;56;16;6,828187499;Kurang Sehat
22;56;17;6,89077995;Kurang Sehat
9;57;24;7,165121109;Kurang Sehat
34;59;23;6,935804256;Kurang Sehat
31;51;25;7,196774236;Kurang Sehat
0;49;18;6,990095452;Kurang Sehat
21;39;20;7,064782138;Kurang Sehat
28;35;22;7,156563094;Kurang Sehat
17;52;17;6,364967184;Kurang Sehat
24;42;23;6,428054409;Kurang Sehat
28;46;16;6,664187809;Kurang Sehat
21;38;21;6,637677489;Kurang Sehat
34;60;25;6,79385576;Kurang Sehat
19;53;22;6,852884643;Kurang Sehat
31;58;15;7,121571293;Kurang Sehat
19;35;24;6,883308033;Kurang Sehat
24;53;17;6,421271178;Kurang Sehat
13;47;20;6,54450214;Kurang Sehat
31;53;16;6,452006451;Kurang Sehat
28;45;23;6,489259136;Kurang Sehat
31;37;21;6,713410626;Kurang Sehat
33;60;15;6,510840928;Kurang Sehat
34;45;21;6,287380117;Kurang Sehat
13;57;25;6,86308576;Kurang Sehat
33;57;17;6,78415271;Kurang Sehat
32;57;22;6,769415888;Kurang Sehat
23;59;25;6,320768488;Kurang Sehat
35;41;18;6,705008504;Kurang Sehat
6;48;24;6,790736339;Kurang Sehat
29;36;25;7,130278657;Kurang Sehat
4;36;22;7,012740397;Kurang Sehat
10;59;22;7,155685016;Kurang Sehat
14;48;21;6,991242362;Kurang Sehat
8;50;21;6,218923893;Kurang Sehat
20;40;15;7,199495368;Kurang Sehat
36;43;22;6,389882166;Kurang Sehat
14;57;15;6,623438282;Kurang Sehat
11;60;23;7,033012777;Kurang Sehat
10;59;15;6,32400451;Kurang Sehat
7;60;25;6,397636709;Kurang Sehat
2;47;15;6,401455706;Kurang Sehat
20;45;22;6,904587016;Kurang Sehat
2;39;15;6,478557136;Kurang Sehat
27;40;24;7,063022095;Kurang Sehat
35;48;15;6,981758362;Kurang Sehat
4;59;25;6,227134139;Kurang Sehat
1;48;24;6,232836962;Kurang Sehat
36;43;21;7,140437859;Kurang Sehat
11;46;24;6,459252023;Kurang Sehat
34;47;19;6,568795404;Kurang Sehat
21;44;18;7,12851089;Kurang Sehat
17;58;20;6,42937879;Kurang Sehat
25;40;21;6,248900919;Kurang Sehat
2;38;18;6,619891498;Kurang Sehat
9;48;20;6,377568542;Kurang Sehat
37;49;25;6,415459592;Kurang Sehat
36;38;15;6,320662012;Kurang Sehat
40;58;15;6,978400282;Kurang Sehat
30;44;16;6,442335593;Kurang Sehat
1;59;23;7,184398832;Kurang Sehat
9;48;22;6,402926221;Kurang Sehat
14;41;17;7,085982325;Kurang Sehat
35;52;19;6,698574085;Kurang Sehat
31;48;17;6,594739424;Kurang Sehat
4;41;20;6,647965508;Kurang Sehat
30;37;25;7,120032489;Kurang Sehat
9;35;20;6,91380932;Kurang Sehat
20;41;20;7,073048264;Kurang Sehat
37;50;23;6,5304707;Kurang Sehat
34;35;21;6,684381357;Kurang Sehat
14;37;15;6,581351374;Kurang Sehat
23;39;22;6,86483915;Kurang Sehat
5;45;21;6,487124217;Kurang Sehat
22;37;20;6,605733068;Kurang Sehat
40;51;17;6,860602782;Kurang Sehat
27;56;20;6,41874299;Kurang Sehat
31;40;22;6,365513634;Kurang Sehat
38;36;21;6,556372966;Kurang Sehat
6;37;17;6,760694228;Kurang Sehat
6;47;18;6,715276663;Kurang Sehat
24;44;17;6,666380512;Kurang Sehat
25;59;19;6,626629798;Kurang Sehat
32;56;21;6,702772465;Kurang Sehat
8;45;18;7,011030515;Kurang Sehat
19;39;17;6,890156495;Kurang Sehat
39;37;15;6,821747052;Kurang Sehat
33;37;19;7,183189922;Kurang Sehat
26;54;17;6,27258822;Kurang Sehat
21;51;15;6,679127482;Kurang Sehat
22;54;20;6,689825155;Kurang Sehat
29;45;16;6,583381939;Kurang Sehat
4;40;21;6,725551062;Kurang Sehat
10;37;22;7,069747814;Kurang Sehat
4;44;19;6,921993878;Kurang Sehat
20;45;17;6,770955317;Kurang Sehat
23;45;23;6,983130466;Kurang Sehat
25;48;21;6,267684328;Kurang Sehat
56;79;15;7,454532137;Kurang Sehat
25;62;21;7,040056094;Kurang Sehat
42;61;22;7,418650668;Kurang Sehat
42;73;25;6,501869314;Kurang Sehat
44;58;18;6,814410928;Kurang Sehat
50;55;16;7,581442888;Kurang Sehat
35;72;21;7,741418772;Kurang Sehat
30;64;20;6,573531614;Kurang Sehat
27;64;21;7,543804223;Kurang Sehat
50;74;17;6,5408208;Kurang Sehat
39;73;24;7,22405917;Kurang Sehat
57;67;25;7,551364319;Kurang Sehat
52;63;19;6,928898659;Kurang Sehat
55;66;22;7,747775263;Kurang Sehat
51;56;18;6,706505915;Kurang Sehat
36;66;15;6,668238556;Kurang Sehat
59;55;19;7,332375138;Kurang Sehat
50;58;23;7,596802025;Kurang Sehat
30;65;25;7,70650895;Kurang Sehat
20;62;18;7,366542647;Kurang Sehat
58;71;15;6,919243702;Kurang Sehat
25;71;24;7,187721818;Kurang Sehat
52;71;16;7,075886472;Kurang Sehat
40;63;18;6,74441168;Kurang Sehat
20;60;25;6,726469088;Kurang Sehat
48;61;21;6,628264883;Kurang Sehat
49;68;22;7,127064207;Kurang Sehat
48;62;15;7,538631462;Kurang Sehat
32;66;17;7,162357641;Kurang Sehat
21;63;22;6,859409487;Kurang Sehat
20;72;19;7,397190844;Kurang Sehat
25;65;21;6,880245789;Kurang Sehat
41;78;21;6,581313137;Kurang Sehat
53;67;17;7,296972161;Kurang Sehat
39;60;21;6,97297656;Kurang Sehat
25;76;17;7,241148507;Kurang Sehat
21;78;19;6,92009048;Kurang Sehat
57;60;17;7,504608385;Kurang Sehat
56;75;15;7,152272256;Kurang Sehat
49;72;15;7,137004749;Kurang Sehat
24;80;19;6,808041722;Kurang Sehat
49;76;18;7,393631868;Kurang Sehat
28;68;19;7,69950698;Kurang Sehat
55;78;21;6,602888249;Kurang Sehat
50;64;25;6,734447425;Kurang Sehat
34;80;19;6,521217963;Kurang Sehat
20;68;23;7,707332484;Kurang Sehat
55;67;16;6,596719015;Kurang Sehat
23;70;15;7,403623355;Kurang Sehat
53;74;15;7,517097;Kurang Sehat
26;67;16;7,17620823;Kurang Sehat
33;80;22;6,593961761;Kurang Sehat
37;79;19;7,143942758;Kurang Sehat
33;75;21;6,690655045;Kurang Sehat
22;55;20;7,423530351;Kurang Sehat
20;68;17;6,578714843;Kurang Sehat
43;68;20;7,497469256;Kurang Sehat
44;76;22;7,775306272;Kurang Sehat
34;60;16;7,322555223;Kurang Sehat
21;72;17;7,580527339;Kurang Sehat
25;68;19;7,108450121;Kurang Sehat
41;62;15;7,358974541;Kurang Sehat
28;65;23;7,405176138;Kurang Sehat
35;64;15;6,500144962;Kurang Sehat
52;58;16;7,167435834;Kurang Sehat
58;75;25;7,261791753;Kurang Sehat
34;66;19;7,586642101;Kurang Sehat
52;70;16;7,534811833;Kurang Sehat
23;57;19;7,251000789;Kurang Sehat
42;58;25;6,513620918;Kurang Sehat
37;62;17;7,121254928;Kurang Sehat
44;75;22;7,574561547;Kurang Sehat
21;80;20;7,350869792;Kurang Sehat
56;76;16;7,513151076;Kurang Sehat
29;76;15;7,025607706;Kurang Sehat
43;61;20;6,804253866;Kurang Sehat
55;60;15;7,163043872;Kurang Sehat
44;63;15;7,338929556;Kurang Sehat
29;67;21;6,621323612;Kurang Sehat
47;63;16;6,661870999;Kurang Sehat
40;68;17;7,733149554;Kurang Sehat
58;61;15;7,402891666;Kurang Sehat
41;74;18;6,599147298;Kurang Sehat
58;79;17;7,04174124;Kurang Sehat
27;62;24;7,353876754;Kurang Sehat
27;60;17;7,026795359;Kurang Sehat
52;65;20;6,814301033;Kurang Sehat
44;55;25;7,42160832;Kurang Sehat
21;62;24;6,847382891;Kurang Sehat
60;59;22;7,191522601;Kurang Sehat
33;77;21;7,01285529;Kurang Sehat
59;58;17;7,368318809;Kurang Sehat
29;63;17;7,26154329;Kurang Sehat
59;63;18;6,52669158;Kurang Sehat
29;70;15;6,872594461;Kurang Sehat
58;73;16;6,874142175;Kurang Sehat
55;77;22;7,76061831;Kurang Sehat
42;79;23;6,781841984;Kurang Sehat
44;77;21;7,326980454;Kurang Sehat
38;62;25;7,453975408;Kurang Sehat
32;76;15;7,604110177;Kurang Sehat
13;61;22;7,728832424;Kurang Sehat
38;60;20;7,491217102;Kurang Sehat
11;74;17;6,633864582;Kurang Sehat
37;71;16;7,324863481;Kurang Sehat
29;71;18;6,410441476;Kurang Sehat
2;72;18;7,836719564;Kurang Sehat
6;59;21;6,139215944;Kurang Sehat
13;64;20;6,590571088;Kurang Sehat
8;58;17;7,286049978;Kurang Sehat
6;77;20;6,058306161;Kurang Sehat
2;75;22;6,658605362;Kurang Sehat
3;69;23;7,299360767;Kurang Sehat
27;80;24;7,815210661;Kurang Sehat
39;78;15;5,925391795;Kurang Sehat
40;79;17;6,403683619;Kurang Sehat
37;62;22;7,397546271;Kurang Sehat
31;60;24;7,722335992;Kurang Sehat
22;67;22;7,475926645;Kurang Sehat
3;78;18;6,887130053;Kurang Sehat
4;80;16;7,441976825;Kurang Sehat
13;61;24;7,629910253;Kurang Sehat
12;66;20;7,336117221;Kurang Sehat
4;61;21;6,75020529;Kurang Sehat
9;60;21;7,52178027;Kurang Sehat
18;66;22;6,347379185;Kurang Sehat
32;56;18;7,135251532;Kurang Sehat
6;72;15;7,670178119;Kurang Sehat
15;77;20;7,399749291;Kurang Sehat
0;65;24;7,841496029;Kurang Sehat
30;79;22;6,254216611;Kurang Sehat
3;63;16;6,868881708;Kurang Sehat
2;78;23;7,320514721;Kurang Sehat
10;78;18;6,296976913;Kurang Sehat
14;67;25;7,241151936;Kurang Sehat
39;65;23;7,685959305;Kurang Sehat
19;72;15;6,890760124;Kurang Sehat
18;57;21;6,155915975;Kurang Sehat
31;58;15;6,167855382;Kurang Sehat
28;58;25;6,861640036;Kurang Sehat
5;65;19;6,978361689;Kurang Sehat
16;65;19;7,043160241;Kurang Sehat
34;65;19;5,94239222;Kurang Sehat
14;69;19;7,239455147;Kurang Sehat
22;55;16;6,516317561;Kurang Sehat
24;61;17;6,233269045;Kurang Sehat
2;79;15;7,505283615;Kurang Sehat
26;63;17;6,950300686;Kurang Sehat
27;61;15;6,958054839;Kurang Sehat
24;70;16;6,54803469;Kurang Sehat
13;74;25;6,461618577;Kurang Sehat
6;64;23;7,065264073;Kurang Sehat
12;58;23;6,765091462;Kurang Sehat
32;79;22;5,91645379;Kurang Sehat
6;68;18;6,711341147;Kurang Sehat
10;79;20;6,379881442;Kurang Sehat
38;77;22;6,313284268;Kurang Sehat
17;74;17;7,393210848;Kurang Sehat
26;68;24;7,504930973;Kurang Sehat
23;75;17;7,198076286;Kurang Sehat
32;78;22;7,007037515;Kurang Sehat
19;79;19;6,677262562;Kurang Sehat
22;60;18;6,74398035;Kurang Sehat
28;69;16;6,547361618;Kurang Sehat
1;67;21;6,551577598;Kurang Sehat
12;67;23;6,585020303;Kurang Sehat
36;67;20;6,924042372;Kurang Sehat
28;70;21;7,437373666;Kurang Sehat
12;71;19;7,142611056;Kurang Sehat
22;68;16;7,74672376;Kurang Sehat
26;66;22;6,300479414;Kurang Sehat
16;65;16;6,078724107;Kurang Sehat
14;59;22;6,76660668;Kurang Sehat
33;59;19;7,641024177;Kurang Sehat
21;63;17;6,559681838;Kurang Sehat
0;69;21;7,072923306;Kurang Sehat
10;75;17;7,732194788;Kurang Sehat
30;61;18;6,157782589;Kurang Sehat
0;74;17;7,240988401;Kurang Sehat
35;74;22;6,898905799;Kurang Sehat
7;63;24;6,818681086;Kurang Sehat
9;56;17;6,261937875;Kurang Sehat
14;74;15;6,493036868;Kurang Sehat
14;76;20;7,042474679;Kurang Sehat
36;65;16;7,692013657;Kurang Sehat
28;67;21;6,250994223;Kurang Sehat
28;79;16;6,052184881;Kurang Sehat
40;61;22;7,002216044;Kurang Sehat
10;70;19;7,272427638;Kurang Sehat
12;80;19;5,962001484;Kurang Sehat
37;77;20;7,080506001;Kurang Sehat
0;67;22;6,593798387;Kurang Sehat
7;73;25;7,28805662;Kurang Sehat
10;56;18;7,32710972;Kurang Sehat
39;70;15;6,366355781;Kurang Sehat
26;56;22;7,011121216;Kurang Sehat
9;77;17;6,280725549;Kurang Sehat
4;59;19;7,621494566;Kurang Sehat
34;73;15;7,630424083;Kurang Sehat
33;77;15;7,802212437;Kurang Sehat
2;24;38;5,922935513;Tidak Sehat
6;18;37;5,937649578;Tidak Sehat
8;26;36;6,804781106;Kurang Sehat
37;18;39;6,424670614;Tidak Sehat
0;27;38;6,738016221;Kurang Sehat
31;25;38;6,497366677;Tidak Sehat
21;21;38;6,327673765;Tidak Sehat
6;30;40;6,36137446;Tidak Sehat
25;27;41;6,923509371;Kurang Sehat
15;11;38;6,630646083;Tidak Sehat
14;5;36;5,832525853;Tidak Sehat
16;10;41;6,738993954;Tidak Sehat
36;7;37;5,782435567;Tidak Sehat
4;20;41;6,537042717;Kurang Sehat
29;22;40;6,145104401;Tidak Sehat
16;15;42;6,890784045;Kurang Sehat
18;27;41;7,175344328;Kurang Sehat
11;18;42;5,938528744;Tidak Sehat
5;15;38;5,709380472;Tidak Sehat
18;23;44;6,184400085;Tidak Sehat
9;8;40;6,553509673;Tidak Sehat
40;27;45;5,885638185;Tidak Sehat
22;23;44;6,143874691;Tidak Sehat
9;16;39;6,101198974;Tidak Sehat
12;29;40;6,594037135;Kurang Sehat
0;17;42;6,859840821;Kurang Sehat
2;21;44;6,56893406;Kurang Sehat
28;6;40;6,769855664;Tidak Sehat
8;23;44;7,130837931;Kurang Sehat
29;16;36;5,740338002;Tidak Sehat
17;18;43;5,843005428;Tidak Sehat
34;21;42;6,648687274;Kurang Sehat
21;23;42;6,902751061;Kurang Sehat
25;17;40;6,608023872;Kurang Sehat
8;25;36;6,828522375;Kurang Sehat
26;18;42;6,910374919;Kurang Sehat
4;19;42;6,306605528;Tidak Sehat
36;24;41;7,009180374;Kurang Sehat
5;24;40;6,297907579;Tidak Sehat
19;17;39;6,728599215;Kurang Sehat
39;30;38;6,965156738;Kurang Sehat
5;29;44;5,578095745;Tidak Sehat
4;24;43;7,199504273;Kurang Sehat
38;21;35;5,841367187;Tidak Sehat
37;11;36;6,710143266;Tidak Sehat
9;25;41;5,972714857;Tidak Sehat
29;22;43;5,561851831;Tidak Sehat
5;21;38;6,107054808;Tidak Sehat
22;26;38;6,988035315;Kurang Sehat
4;18;37;7,13147457;Kurang Sehat
21;6;41;7,086947687;Tidak Sehat
29;21;45;6,749260456;Kurang Sehat
23;5;44;7,16300467;Tidak Sehat
13;7;43;7,013481515;Tidak Sehat
5;13;37;5,648243649;Tidak Sehat
27;24;41;6,610251186;Kurang Sehat
7;23;35;7,054313823;Kurang Sehat
12;20;39;6,026999326;Tidak Sehat
4;19;43;5,779427402;Tidak Sehat
3;9;45;6,535244251;Tidak Sehat
1;27;36;5,684995235;Tidak Sehat
23;30;44;6,12476108;Tidak Sehat
24;21;42;6,999014379;Kurang Sehat
13;30;37;6,277148771;Tidak Sehat
40;11;44;6,322396027;Tidak Sehat
21;9;40;5,956401828;Tidak Sehat
3;27;44;6,591302797;Kurang Sehat
40;29;42;7,104094929;Kurang Sehat
14;25;40;6,407872061;Tidak Sehat
38;14;37;6,658402594;Tidak Sehat
34;9;36;6,276038961;Tidak Sehat
32;14;37;6,825256236;Tidak Sehat
18;21;35;6,368560522;Tidak Sehat
8;23;38;7,005410734;Kurang Sehat
15;6;41;6,897368477;Tidak Sehat
0;5;36;6,152906502;Tidak Sehat
22;9;44;5,744361602;Tidak Sehat
14;8;43;7,051654924;Tidak Sehat
31;11;45;6,034612928;Tidak Sehat
39;17;45;6,924490731;Kurang Sehat
10;5;42;6,887005997;Tidak Sehat
8;28;38;6,8444019;Kurang Sehat
32;13;42;5,786058032;Tidak Sehat
18;9;40;5,627186257;Tidak Sehat
20;27;41;5,700088663;Tidak Sehat
39;25;36;5,567805185;Tidak Sehat
20;7;45;6,077886012;Tidak Sehat
11;10;45;6,397995609;Tidak Sehat
40;18;43;5,767372539;Tidak Sehat
3;26;39;7,079973241;Kurang Sehat
9;16;36;5,893332378;Tidak Sehat
30;20;38;7,058222596;Kurang Sehat
40;9;41;5,78270695;Tidak Sehat
40;30;35;6,269663963;Tidak Sehat
32;25;35;5,892913826;Tidak Sehat
33;23;45;7,116538883;Kurang Sehat
4;14;41;6,430163481;Tidak Sehat
13;17;45;7,159520979;Kurang Sehat
39;24;39;6,431265737;Tidak Sehat
8;28;37;6,082571701;Tidak Sehat
91;94;46;6,149934034;Kurang Sehat
105;95;50;5,849076099;Kurang Sehat
108;92;53;6,276800323;Kurang Sehat
86;76;54;5,926824754;Kurang Sehat
80;77;49;5,519088423;Kurang Sehat
93;94;53;6,079178788;Kurang Sehat
90;92;55;6,13465588;Kurang Sehat
108;89;53;5,808497604;Kurang Sehat
108;88;55;5,891458107;Kurang Sehat
105;77;52;5,816622479;Kurang Sehat
118;88;52;5,843163161;Kurang Sehat
101;87;54;6,376756633;Kurang Sehat
95;75;50;5,623615687;Kurang Sehat
106;85;53;5,91505509;Kurang Sehat
86;95;49;6,458714879;Kurang Sehat
83;79;55;5,565028635;Kurang Sehat
85;95;47;6,211833161;Kurang Sehat
109;79;45;6,490074429;Kurang Sehat
100;76;45;5,590236025;Kurang Sehat
117;86;48;6,225225239;Kurang Sehat
114;94;53;6,190757459;Kurang Sehat
110;78;50;5,915568968;Kurang Sehat
94;70;48;6,195152442;Kurang Sehat
80;71;47;6,156373499;Kurang Sehat
114;79;51;6,313197204;Kurang Sehat
88;78;45;6,324270089;Kurang Sehat
112;73;48;5,707488987;Kurang Sehat
117;76;47;6,119216009;Kurang Sehat
111;87;48;5,571401169;Kurang Sehat
89;83;47;5,63127166;Kurang Sehat
93;91;47;6,101241579;Kurang Sehat
92;81;52;6,438137279;Kurang Sehat
105;74;45;6,098369122;Kurang Sehat
102;71;48;5,695267822;Kurang Sehat
94;91;51;5,618094446;Kurang Sehat
116;71;47;6,435785799;Kurang Sehat
117;79;49;6,176644228;Kurang Sehat
119;72;55;6,220643671;Kurang Sehat
99;73;53;5,871702211;Kurang Sehat
91;84;52;6,390741836;Kurang Sehat
80;90;47;6,21084479;Kurang Sehat
101;70;48;6,012696655;Kurang Sehat
108;89;53;5,908770059;Kurang Sehat
100;80;52;6,049801781;Kurang Sehat
109;91;53;6,010095853;Kurang Sehat
82;78;46;5,738678895;Kurang Sehat
106;70;55;5,74055541;Kurang Sehat
90;86;52;5,793260262;Kurang Sehat
83;95;50;5,50947065;Kurang Sehat
119;90;48;5,986442306;Kurang Sehat
107;72;45;5,790768046;Kurang Sehat
116;81;55;5,915546415;Kurang Sehat
101;75;50;6,242528278;Kurang Sehat
93;81;50;6,036079266;Kurang Sehat
95;75;45;5,829898502;Kurang Sehat
107;71;55;6,088064451;Kurang Sehat
83;94;47;6,469370954;Kurang Sehat
102;73;54;5,720726906;Kurang Sehat
86;79;45;5,80766417;Kurang Sehat
117;86;53;5,703381728;Kurang Sehat
111;79;53;6,165001278;Kurang Sehat
95;74;50;6,002481605;Kurang Sehat
91;75;55;6,212369363;Kurang Sehat
93;83;46;5,765308943;Kurang Sehat
92;85;51;5,740764682;Kurang Sehat
104;80;54;5,879119455;Kurang Sehat
103;72;51;6,099478745;Kurang Sehat
92;75;45;5,674403359;Kurang Sehat
93;85;49;5,694243847;Kurang Sehat
120;87;52;5,905494703;Kurang Sehat
108;72;46;6,110844721;Kurang Sehat
105;88;54;6,020445317;Kurang Sehat
98;79;50;6,435917308;Kurang Sehat
111;88;55;5,505393833;Kurang Sehat
97;74;45;5,677719902;Kurang Sehat
95;82;48;5,719014989;Kurang Sehat
89;91;55;6,275572298;Kurang Sehat
89;85;55;6,275384607;Kurang Sehat
118;88;51;6,201911642;Kurang Sehat
101;92;45;5,758054257;Kurang Sehat
99;92;47;6,323933647;Kurang Sehat
82;77;46;5,901100841;Kurang Sehat
90;86;55;5,644486582;Kurang Sehat
95;88;52;6,235461772;Kurang Sehat
104;73;46;6,28236237;Kurang Sehat
102;73;52;6,356090905;Kurang Sehat
100;74;52;5,837258235;Kurang Sehat
94;89;48;5,653437902;Kurang Sehat
99;70;46;5,727469947;Kurang Sehat
112;87;48;6,200111068;Kurang Sehat
117;82;45;5,614471478;Kurang Sehat
96;86;51;6,257369799;Kurang Sehat
113;85;45;6,037430836;Kurang Sehat
105;93;46;5,760457558;Kurang Sehat
85;89;51;6,158164422;Kurang Sehat
108;94;47;6,387431383;Kurang Sehat
92;81;52;5,891413895;Kurang Sehat
110;71;54;5,725418961;Kurang Sehat
82;75;55;6,281069505;Kurang Sehat
117;81;53;5,507641778;Kurang Sehat
2;40;27;5,954626604;Kurang Sehat
39;24;31;4,757114897;Tidak Sehat
21;26;27;5,699586972;Tidak Sehat
25;22;25;5,977413803;Tidak Sehat
0;21;32;6,430139436;Tidak Sehat
20;19;35;6,113935087;Tidak Sehat
19;21;34;5,074272692;Tidak Sehat
18;17;31;5,667507706;Tidak Sehat
11;36;33;5,978634285;Kurang Sehat
30;28;30;5,064613314;Tidak Sehat
18;19;27;4,772385986;Tidak Sehat
23;23;27;5,161148592;Tidak Sehat
37;30;34;6,797779227;Kurang Sehat
11;27;30;6,39474303;Tidak Sehat
12;19;31;5,566704378;Tidak Sehat
3;28;33;5,755049971;Tidak Sehat
37;38;32;5,417340525;Kurang Sehat
26;37;30;6,166173834;Kurang Sehat
14;18;30;5,191265116;Tidak Sehat
40;16;35;4,954739564;Tidak Sehat
4;20;25;5,664587011;Tidak Sehat
36;25;33;5,548584852;Tidak Sehat
30;17;31;6,804437106;Kurang Sehat
28;37;28;6,097869767;Kurang Sehat
38;15;30;5,075504537;Tidak Sehat
12;37;30;4,546466109;Kurang Sehat
38;19;31;5,855119268;Tidak Sehat
8;33;29;6,442393461;Kurang Sehat
15;27;28;4,507523551;Tidak Sehat
34;16;25;6,10729559;Tidak Sehat
11;36;31;6,47544932;Kurang Sehat
33;29;34;6,832979509;Kurang Sehat
12;31;26;5,395275719;Kurang Sehat
12;34;28;6,13526938;Kurang Sehat
5;16;31;4,555688532;Tidak Sehat
1;30;29;6,434197756;Tidak Sehat
16;35;31;5,316875978;Kurang Sehat
35;18;26;5,279388967;Tidak Sehat
4;40;26;6,720041791;Kurang Sehat
9;29;34;5,72742254;Tidak Sehat
2;38;33;4,691396195;Kurang Sehat
26;32;32;6,810186079;Kurang Sehat
34;38;31;6,454045329;Kurang Sehat
5;32;33;5,842763773;Kurang Sehat
31;29;26;5,024124684;Tidak Sehat
34;34;35;6,422710539;Kurang Sehat
36;19;32;4,94295037;Tidak Sehat
7;17;26;6,414526606;Tidak Sehat
38;15;27;6,777788126;Kurang Sehat
5;19;25;6,441328044;Tidak Sehat
37;36;26;4,650536197;Kurang Sehat
21;31;32;5,254532213;Kurang Sehat
37;36;27;5,910634533;Kurang Sehat
23;23;30;4,755273631;Tidak Sehat
36;26;26;6,814630246;Kurang Sehat
24;33;35;5,342866119;Kurang Sehat
26;18;30;6,336234624;Tidak Sehat
22;17;26;4,754435025;Tidak Sehat
11;34;32;6,831706773;Kurang Sehat
29;35;28;6,967417766;Kurang Sehat
22;28;26;4,947683034;Tidak Sehat
23;24;32;5,630619901;Tidak Sehat
1;35;34;6,27339822;Kurang Sehat
2;24;34;6,472774648;Tidak Sehat
39;37;25;6,953246506;Kurang Sehat
15;36;27;5,643710216;Kurang Sehat
3;18;31;6,392313973;Tidak Sehat
8;38;32;4,981816523;Kurang Sehat
33;31;34;5,421265283;Kurang Sehat
14;29;32;6,942520105;Kurang Sehat
18;20;26;5,435840509;Tidak Sehat
9;21;32;5,870116071;Tidak Sehat
20;30;27;4,74910393;Tidak Sehat
9;38;25;5,497946899;Kurang Sehat
26;24;34;6,811291098;Kurang Sehat
31;36;29;6,460542749;Kurang Sehat
14;18;35;4,791146778;Tidak Sehat
40;16;35;6,4841522;Tidak Sehat
28;27;34;6,526654345;Kurang Sehat
0;17;30;6,279133738;Tidak Sehat
1;29;29;6,052026047;Tidak Sehat
2;36;31;5,73171945;Kurang Sehat
12;27;26;5,32307197;Tidak Sehat
7;28;35;4,66910839;Tidak Sehat
0;36;26;5,101206389;Kurang Sehat
26;35;31;5,339556562;Kurang Sehat
27;21;30;5,061081874;Tidak Sehat
22;38;31;5,821106036;Kurang Sehat
22;18;31;5,956027059;Tidak Sehat
28;23;28;5,676032581;Tidak Sehat
7;31;27;6,524114355;Kurang Sehat
29;34;26;6,273953676;Kurang Sehat
8;37;33;6,128167757;Kurang Sehat
39;16;27;4,934964765;Tidak Sehat
40;24;25;5,445008416;Tidak Sehat
19;38;26;4,525722333;Kurang Sehat
21;21;30;5,403908328;Tidak Sehat
22;18;33;6,621623545;Kurang Sehat
31;20;30;6,207495815;Tidak Sehat
18;26;31;5,418475257;Tidak Sehat
24;130;195;6,112305667;Kurang Sehat
13;144;204;6,092241627;Kurang Sehat
22;123;205;5,896343436;Kurang Sehat
36;125;196;6,15526103;Kurang Sehat
24;131;196;5,732453638;Kurang Sehat
2;123;198;6,253034534;Kurang Sehat
35;140;197;6,106190557;Kurang Sehat
11;122;195;5,647202395;Kurang Sehat
6;123;203;6,130310493;Kurang Sehat
17;134;204;6,499604931;Kurang Sehat
25;130;197;5,554831977;Kurang Sehat
27;145;205;5,800242694;Kurang Sehat
9;122;201;5,570290539;Kurang Sehat
16;139;203;6,27564088;Kurang Sehat
32;141;204;5,536645599;Kurang Sehat
22;138;195;6,208196881;Kurang Sehat
31;144;202;5,870600622;Kurang Sehat
3;136;205;6,334771461;Kurang Sehat
28;122;197;5,856575335;Kurang Sehat
4;136;204;5,898944282;Kurang Sehat
39;145;201;5,775600435;Kurang Sehat
38;132;197;5,931101816;Kurang Sehat
36;133;198;6,2286454;Kurang Sehat
25;121;201;5,594240603;Kurang Sehat
15;125;199;5,569230319;Kurang Sehat
24;140;205;5,93202852;Kurang Sehat
13;132;203;6,423216506;Kurang Sehat
5;126;197;6,417500829;Kurang Sehat
30;120;200;6,234904253;Kurang Sehat
23;142;197;6,000573725;Kurang Sehat
26;135;203;5,685102769;Kurang Sehat
7;126;203;5,662140095;Kurang Sehat
32;139;198;6,358186848;Kurang Sehat
9;141;202;6,119495295;Kurang Sehat
20;142;196;6,207600783;Kurang Sehat
32;129;201;6,48754639;Kurang Sehat
3;134;199;5,81717753;Kurang Sehat
38;138;204;6,325480034;Kurang Sehat
14;131;198;5,562790949;Kurang Sehat
20;122;204;6,487369687;Kurang Sehat
40;126;201;6,116982944;Kurang Sehat
36;128;204;5,695792761;Kurang Sehat
11;132;197;5,734317007;Kurang Sehat
0;137;195;6,329499832;Kurang Sehat
19;123;200;6,167013532;Kurang Sehat
31;136;197;5,653776058;Kurang Sehat
4;134;200;5,840256272;Kurang Sehat
39;139;201;5,539980812;Kurang Sehat
8;127;196;5,833302165;Kurang Sehat
39;138;203;6,399433771;Kurang Sehat
32;120;204;6,138958698;Kurang Sehat
12;142;203;5,972850838;Kurang Sehat
8;133;195;6,456079585;Kurang Sehat
8;139;199;6,336426667;Kurang Sehat
21;134;202;6,425419926;Kurang Sehat
40;140;195;6,294395676;Kurang Sehat
39;127;202;6,477768039;Kurang Sehat
19;120;195;5,931538447;Kurang Sehat
21;139;201;5,980598579;Kurang Sehat
17;136;195;6,389783283;Kurang Sehat
33;139;203;5,693287415;Kurang Sehat
22;133;201;6,00299607;Kurang Sehat
32;130;196;6,372959542;Kurang Sehat
37;135;205;5,510924849;Kurang Sehat
15;140;195;5,69945282;Kurang Sehat
39;132;196;5,778594403;Kurang Sehat
40;121;199;6,315586313;Kurang Sehat
40;132;202;5,971813006;Kurang Sehat
29;142;203;5,891195653;Kurang Sehat
32;121;199;6,129812716;Kurang Sehat
6;140;205;6,313085601;Kurang Sehat
8;120;196;6,053662544;Kurang Sehat
34;133;202;5,804799142;Kurang Sehat
35;135;199;6,400719746;Kurang Sehat
16;145;199;5,953966361;Kurang Sehat
8;136;201;5,609255992;Kurang Sehat
25;129;195;5,777271492;Kurang Sehat
16;130;201;5,682395429;Kurang Sehat
39;129;203;5,863996687;Kurang Sehat
38;135;203;6,444373116;Kurang Sehat
33;120;205;5,550832178;Kurang Sehat
35;125;204;6,107741788;Kurang Sehat
1;132;200;5,620745638;Kurang Sehat
39;140;203;6,349875906;Kurang Sehat
28;145;202;6,484323189;Kurang Sehat
6;128;200;5,838748311;Kurang Sehat
6;139;199;6,29099842;Kurang Sehat
29;122;196;5,638328481;Kurang Sehat
37;144;197;6,415555956;Kurang Sehat
38;120;197;6,323722572;Kurang Sehat
38;141;198;5,757009965;Kurang Sehat
14;121;203;6,158689406;Kurang Sehat
6;125;204;5,733539807;Kurang Sehat
32;138;197;5,908724337;Kurang Sehat
11;124;204;6,361141107;Kurang Sehat
23;138;200;5,96537863;Kurang Sehat
40;143;201;6,476757723;Kurang Sehat
6;142;202;6,224542938;Kurang Sehat
37;124;195;6,209928251;Kurang Sehat
35;134;204;5,841138354;Kurang Sehat
119;25;51;6,283818329;Kurang Sehat
119;19;55;6,818261383;Kurang Sehat
105;30;50;6,37620108;Kurang Sehat
114;8;50;6,581587932;Kurang Sehat
93;22;52;6,932739726;Kurang Sehat
80;26;55;6,140099215;Tidak Sehat
85;27;45;6,467095849;Tidak Sehat
85;22;53;6,849471704;Kurang Sehat
82;22;45;6,512196212;Kurang Sehat
118;13;54;6,039584629;Tidak Sehat
83;25;53;6,057697106;Tidak Sehat
86;15;47;6,423898762;Tidak Sehat
101;10;47;6,936997681;Kurang Sehat
119;9;50;6,251286661;Tidak Sehat
104;17;46;6,190015912;Kurang Sehat
95;12;51;6,681606702;Tidak Sehat
102;14;52;6,51075991;Kurang Sehat
109;21;55;6,770278088;Kurang Sehat
81;18;50;6,429788073;Tidak Sehat
103;17;51;6,209888345;Kurang Sehat
105;14;50;6,419052193;Tidak Sehat
97;8;52;6,237861736;Tidak Sehat
120;19;49;6,762471629;Kurang Sehat
95;16;55;6,612847999;Kurang Sehat
83;29;52;6,704688865;Kurang Sehat
83;9;45;6,049609892;Tidak Sehat
91;21;50;6,762030215;Kurang Sehat
116;5;54;6,65398725;Kurang Sehat
112;28;54;6,738030547;Kurang Sehat
88;29;51;6,095689937;Tidak Sehat
118;15;45;6,538006356;Kurang Sehat
92;21;48;6,377427122;Tidak Sehat
106;14;45;6,417011754;Tidak Sehat
99;5;47;6,649086972;Tidak Sehat
98;8;51;6,25933595;Tidak Sehat
108;22;46;6,121168559;Kurang Sehat
119;7;55;6,031424482;Tidak Sehat
117;27;48;6,835268184;Kurang Sehat
109;10;53;6,551750306;Kurang Sehat
80;16;46;6,940236218;Kurang Sehat
100;18;52;6,87606733;Kurang Sehat
91;7;53;6,457216535;Tidak Sehat
86;6;53;6,921847888;Tidak Sehat
107;5;52;6,881425746;Kurang Sehat
103;16;49;6,915717008;Kurang Sehat
101;20;48;6,206247494;Kurang Sehat
85;25;47;6,29542477;Tidak Sehat
84;7;51;6,399669044;Tidak Sehat
102;28;54;6,862157042;Kurang Sehat
98;25;52;6,224066378;Tidak Sehat
97;25;50;6,093814669;Tidak Sehat
90;16;45;6,291540278;Tidak Sehat
95;12;46;6,32281728;Tidak Sehat
82;23;49;6,873283991;Kurang Sehat
82;25;51;6,074209622;Tidak Sehat
110;28;46;6,49889585;Kurang Sehat
118;21;51;6,678805092;Kurang Sehat
120;20;45;6,114128685;Kurang Sehat
91;7;52;6,405054243;Tidak Sehat
81;6;55;6,110142735;Tidak Sehat
101;13;54;6,828982708;Kurang Sehat
101;17;55;6,451499764;Kurang Sehat
111;6;53;6,313512999;Tidak Sehat
107;10;49;6,755192025;Kurang Sehat
115;11;46;6,623167177;Kurang Sehat
84;25;52;6,12532356;Tidak Sehat
120;7;47;6,653867608;Kurang Sehat
91;12;46;6,343942518;Tidak Sehat
89;22;52;6,217300786;Tidak Sehat
113;19;46;6,286387658;Kurang Sehat
97;22;50;6,7698938;Kurang Sehat
117;30;50;6,744966312;Kurang Sehat
90;14;52;6,391858432;Tidak Sehat
104;23;47;6,770434148;Kurang Sehat
81;16;45;6,727468157;Kurang Sehat
88;5;47;6,662244646;Tidak Sehat
92;7;45;6,944640222;Tidak Sehat
81;18;50;6,507110986;Kurang Sehat
111;5;55;6,520663422;Kurang Sehat
108;23;51;6,106500787;Kurang Sehat
113;30;50;6,277484043;Kurang Sehat
83;10;53;6,195142279;Tidak Sehat
101;11;51;6,792035575;Kurang Sehat
114;21;55;6,472756256;Kurang Sehat
99;6;45;6,000975617;Tidak Sehat
92;20;55;6,587791262;Kurang Sehat
92;7;48;6,956508826;Tidak Sehat
91;24;55;6,259086583;Tidak Sehat
110;21;54;6,747537642;Kurang Sehat
112;25;51;6,932537231;Kurang Sehat
89;25;54;6,353107393;Tidak Sehat
100;10;53;6,211748957;Tidak Sehat
83;22;54;6,277245254;Tidak Sehat
95;14;50;6,560443519;Tidak Sehat
119;30;49;6,903020221;Kurang Sehat
97;12;47;6,765094964;Tidak Sehat
110;7;45;6,189213927;Tidak Sehat
96;18;50;6,904241707;Kurang Sehat
83;23;55;6,463271076;Tidak Sehat
120;24;47;6,260838965;Kurang Sehat
115;17;55;6,776533055;Kurang Sehat
114;27;48;6,528404378;Kurang Sehat
101;25;52;6,750145572;Kurang Sehat
118;18;52;6,562832807;Kurang Sehat
95;26;45;6,117530021;Tidak Sehat
81;25;49;6,076459669;Tidak Sehat
117;24;53;6,293486295;Kurang Sehat
114;30;51;6,069171847;Kurang Sehat
113;6;52;6,740983646;Kurang Sehat
108;26;52;6,201797639;Kurang Sehat
81;30;48;6,041027474;Tidak Sehat
115;9;52;6,019372459;Tidak Sehat
83;7;45;6,704104127;Tidak Sehat
84;21;55;6,494251024;Tidak Sehat
109;26;45;6,224535449;Kurang Sehat
95;27;55;6,160414414;Tidak Sehat
119;5;55;6,168757984;Tidak Sehat
110;14;51;6,085444691;Tidak Sehat
82;18;48;6,159050816;Tidak Sehat
87;14;48;6,606033244;Tidak Sehat
85;9;53;6,447662945;Tidak Sehat
100;6;53;6,105909623;Tidak Sehat
107;12;46;6,559763394;Kurang Sehat
91;13;47;6,14410903;Tidak Sehat
102;25;50;6,099662369;Kurang Sehat
117;25;53;6,413927319;Kurang Sehat
85;21;52;6,075144116;Tidak Sehat
104;25;55;6,123802502;Kurang Sehat
102;24;54;6,698468621;Kurang Sehat
116;25;50;6,088885814;Kurang Sehat
100;17;48;6,367800632;Kurang Sehat
110;25;54;6,425930938;Kurang Sehat
104;25;51;6,469983276;Kurang Sehat
107;11;54;6,094016338;Tidak Sehat
98;26;52;6,150090899;Tidak Sehat
88;17;52;6,646962425;Kurang Sehat
87;25;46;6,379690748;Tidak Sehat
120;8;46;6,732834334;Kurang Sehat
95;13;46;6,126019932;Tidak Sehat
108;22;47;6,161123579;Kurang Sehat
82;13;52;6,442810053;Tidak Sehat
120;23;55;6,732049075;Kurang Sehat
110;22;47;6,243673725;Kurang Sehat
95;23;45;6,266208727;Tidak Sehat
106;10;49;6,350623739;Tidak Sehat
99;12;52;6,002927293;Tidak Sehat
106;20;51;6,342573112;Kurang Sehat
83;11;53;6,163921248;Tidak Sehat
117;19;55;6,121745389;Kurang Sehat
98;26;49;6,130160473;Tidak Sehat
113;20;48;6,440584681;Kurang Sehat
101;17;47;6,185053234;Kurang Sehat
98;7;45;6,157724816;Tidak Sehat
93;22;48;6,776987974;Kurang Sehat
95;21;47;6,431970877;Tidak Sehat
109;12;48;6,708743843;Kurang Sehat
118;12;47;6,010739645;Tidak Sehat
100;14;49;6,365956658;Tidak Sehat
89;9;47;6,668382766;Tidak Sehat
95;16;46;6,74669542;Kurang Sehat
95;7;45;6,031665834;Tidak Sehat
87;6;45;6,40077205;Tidak Sehat
93;20;50;6,448792689;Tidak Sehat
84;29;49;6,251420275;Tidak Sehat
111;5;47;6,274452811;Tidak Sehat
111;5;52;6,135996372;Tidak Sehat
111;15;54;6,194090172;Kurang Sehat
89;11;47;6,327822962;Tidak Sehat
110;15;48;6,212567211;Kurang Sehat
95;30;52;6,640470863;Kurang Sehat
115;12;52;6,685553129;Kurang Sehat
120;25;50;6,327210469;Kurang Sehat
102;11;45;6,35544263;Tidak Sehat
94;5;55;6,085682344;Tidak Sehat
84;18;46;6,781050373;Kurang Sehat
107;22;54;6,630301421;Kurang Sehat
80;18;52;6,484799661;Tidak Sehat
86;18;45;6,566759102;Kurang Sehat
113;28;48;6,170520518;Kurang Sehat
115;18;53;6,012480351;Kurang Sehat
82;20;54;6,541150335;Kurang Sehat
98;22;47;6,341400922;Tidak Sehat
117;25;54;6,150686364;Kurang Sehat
83;15;49;6,438008153;Tidak Sehat
120;16;51;6,547041903;Kurang Sehat
111;5;50;6,399891457;Tidak Sehat
85;21;47;6,186770318;Tidak Sehat
90;23;54;6,159020864;Tidak Sehat
99;29;55;6,660954816;Kurang Sehat
102;11;47;6,504906979;Kurang Sehat
80;18;51;6,706053225;Kurang Sehat
87;21;52;6,067665498;Tidak Sehat
114;8;52;6,419083092;Tidak Sehat
99;6;46;6,39637861;Tidak Sehat
89;25;50;6,375923383;Tidak Sehat
96;13;55;6,700337732;Tidak Sehat
82;26;47;6,565312653;Kurang Sehat
106;21;52;6,286515359;Kurang Sehat
90;15;52;6,448061578;Tidak Sehat
106;16;54;6,585872508;Kurang Sehat
24;128;196;5,521466996;Kurang Sehat
7;144;197;6,133220586;Kurang Sehat
14;128;205;6,226289556;Kurang Sehat
8;120;201;6,321152192;Kurang Sehat
20;129;201;5,587905967;Kurang Sehat
32;137;204;5,824151693;Kurang Sehat
27;139;205;5,772179946;Kurang Sehat
0;123;205;5,790993052;Kurang Sehat
22;144;196;6,499226821;Kurang Sehat
1;124;199;5,658473817;Kurang Sehat
30;122;197;5,573241391;Kurang Sehat
29;121;196;6,079497202;Kurang Sehat
13;126;204;6,383180271;Kurang Sehat
9;139;199;5,867420996;Kurang Sehat
0;133;200;5,708418722;Kurang Sehat
30;143;199;5,7983508;Kurang Sehat
36;140;198;6,28188384;Kurang Sehat
37;137;199;5,697945522;Kurang Sehat
33;121;203;5,605934087;Kurang Sehat
7;144;195;5,85648105;Kurang Sehat
35;128;205;6,041053829;Kurang Sehat
29;128;198;5,685062404;Kurang Sehat
2;143;196;5,669489065;Kurang Sehat
34;140;198;5,751707342;Kurang Sehat
29;144;204;5,800448951;Kurang Sehat
32;141;203;5,821347769;Kurang Sehat
13;144;197;6,28022267;Kurang Sehat
25;143;198;6,027314401;Kurang Sehat
9;137;200;5,636687393;Kurang Sehat
6;144;198;5,559363609;Kurang Sehat
37;126;196;5,596449493;Kurang Sehat
2;120;203;5,893492999;Kurang Sehat
11;143;197;5,875718516;Kurang Sehat
10;141;201;6,386021424;Kurang Sehat
24;142;202;5,710819862;Kurang Sehat
23;138;195;5,795985716;Kurang Sehat
18;125;204;6,046673619;Kurang Sehat
13;121;196;6,443382913;Kurang Sehat
26;122;202;5,617227184;Kurang Sehat
28;123;202;6,442289294;Kurang Sehat
26;121;201;6,162034371;Kurang Sehat
21;137;196;5,812781806;Kurang Sehat
21;135;198;5,765015126;Kurang Sehat
5;144;205;6,184922574;Kurang Sehat
2;123;205;5,739652177;Kurang Sehat
15;133;199;5,824778636;Kurang Sehat
31;130;198;5,554823557;Kurang Sehat
25;143;200;6,024248787;Kurang Sehat
16;143;204;5,631333387;Kurang Sehat
19;122;202;5,811975094;Kurang Sehat
10;125;196;5,730557448;Kurang Sehat
20;139;202;5,66999105;Kurang Sehat
28;123;198;5,682751473;Kurang Sehat
28;136;200;6,245858905;Kurang Sehat
2;131;199;6,017370134;Kurang Sehat
2;140;197;5,53456749;Kurang Sehat
27;138;201;5,952367662;Kurang Sehat
30;127;204;6,126436584;Kurang Sehat
32;145;203;6,406818518;Kurang Sehat
29;139;205;6,155939453;Kurang Sehat
26;126;195;5,878568981;Kurang Sehat
40;136;202;5,935336308;Kurang Sehat
6;124;200;5,971332179;Kurang Sehat
35;138;200;5,67130617;Kurang Sehat
17;136;196;5,882155988;Kurang Sehat
33;134;205;6,08551916;Kurang Sehat
16;143;197;5,90402645;Kurang Sehat
27;120;200;6,110218826;Kurang Sehat
29;145;205;6,212302608;Kurang Sehat
3;141;197;6,142803397;Kurang Sehat
15;123;204;6,365972688;Kurang Sehat
5;136;195;6,264202804;Kurang Sehat
10;136;204;6,276198595;Kurang Sehat
7;141;195;5,514253142;Kurang Sehat
2;129;201;5,682343744;Kurang Sehat
29;138;197;5,830892252;Kurang Sehat
30;137;200;5,603413172;Kurang Sehat
29;132;204;6,0967531;Kurang Sehat
14;139;197;6,056529526;Kurang Sehat
18;125;203;6,160267496;Kurang Sehat
33;143;204;5,814434775;Kurang Sehat
40;144;196;5,987262638;Kurang Sehat
9;143;197;5,570020684;Kurang Sehat
38;135;203;5,965551311;Kurang Sehat
28;130;196;6,062356467;Kurang Sehat
35;142;203;5,895319002;Kurang Sehat
12;129;205;6,119432215;Kurang Sehat
1;135;203;5,624203283;Kurang Sehat
0;145;205;5,52078314;Kurang Sehat
31;121;201;5,731535258;Kurang Sehat
35;131;203;5,893490899;Kurang Sehat
29;140;195;5,560521058;Kurang Sehat
33;138;198;6,222390798;Kurang Sehat
14;140;197;6,071255131;Kurang Sehat
35;145;195;6,231950009;Kurang Sehat
40;120;197;5,889480679;Kurang Sehat
25;132;198;5,732757516;Kurang Sehat
31;137;196;6,400321212;Kurang Sehat
36;144;196;6,496934492;Kurang Sehat
10;140;197;6,229498836;Kurang Sehat
22;30;12;6,354006744;Tidak Sehat
37;6;13;7,511755068;Tidak Sehat
27;13;6;7,335158382;Tidak Sehat
7;16;9;7,813916603;Kurang Sehat
20;7;9;7,129136941;Tidak Sehat
26;27;10;6,079998496;Tidak Sehat
5;23;15;7,408939392;Kurang Sehat
0;18;14;7,207991261;Kurang Sehat
39;24;14;7,189259647;Kurang Sehat
13;23;6;7,365338111;Kurang Sehat
21;17;15;7,455991072;Kurang Sehat
33;12;8;6,822282114;Tidak Sehat
6;9;12;7,028746406;Tidak Sehat
19;7;10;6,118430299;Tidak Sehat
24;18;6;6,285312759;Tidak Sehat
9;11;8;6,559236744;Tidak Sehat
31;8;7;7,163245982;Tidak Sehat
22;17;5;6,945562889;Kurang Sehat
13;5;8;7,474710503;Tidak Sehat
16;8;9;7,601189843;Tidak Sehat
4;13;6;7,561143224;Tidak Sehat
0;25;14;6,361671475;Tidak Sehat
8;7;10;6,929216014;Tidak Sehat
4;23;5;7,477935216;Kurang Sehat
33;14;8;7,684420446;Tidak Sehat
30;7;15;7,825531916;Tidak Sehat
21;29;12;6,438668989;Tidak Sehat
11;14;5;6,946354724;Tidak Sehat
9;8;15;7,994465371;Tidak Sehat
5;18;14;7,434118807;Kurang Sehat
29;25;14;7,781988584;Kurang Sehat
33;12;15;6,052318465;Tidak Sehat
8;16;6;7,106650373;Kurang Sehat
15;14;8;6,22094286;Tidak Sehat
16;7;8;6,420457311;Tidak Sehat
0;12;7;6,969249676;Tidak Sehat
5;25;6;6,011302181;Tidak Sehat
6;8;11;6,600948788;Tidak Sehat
10;5;5;7,817846496;Tidak Sehat
1;17;6;6,8198271;Kurang Sehat
1;30;10;7,291405641;Kurang Sehat
0;23;15;7,598729065;Kurang Sehat
24;27;9;6,157135092;Tidak Sehat
36;11;13;7,1917274;Tidak Sehat
40;21;8;7,418761774;Kurang Sehat
40;22;6;6,488221135;Tidak Sehat
32;18;13;6,044167236;Tidak Sehat
9;10;10;6,010391864;Tidak Sehat
13;16;8;6,949838549;Kurang Sehat
15;9;11;7,907956251;Tidak Sehat
29;11;5;7,639788459;Tidak Sehat
1;15;9;7,53350946;Kurang Sehat
18;5;11;6,251586885;Tidak Sehat
14;22;9;6,543191814;Kurang Sehat
33;15;7;7,651225301;Kurang Sehat
4;6;7;6,708889665;Tidak Sehat
17;16;14;6,625538653;Kurang Sehat
12;20;10;6,528354932;Kurang Sehat
34;29;8;6,450640306;Tidak Sehat
39;28;10;7,181907673;Kurang Sehat
31;25;12;7,016482298;Kurang Sehat
12;6;8;6,388617138;Tidak Sehat
12;29;13;7,57125447;Kurang Sehat
26;11;11;7,609348255;Tidak Sehat
19;24;15;7,137136973;Kurang Sehat
39;21;9;6,354022554;Tidak Sehat
16;29;13;6,196907944;Tidak Sehat
36;29;13;7,829507245;Kurang Sehat
37;23;12;6,395258356;Tidak Sehat
39;9;15;7,992041984;Tidak Sehat
31;5;14;6,583411671;Tidak Sehat
18;12;8;6,206053072;Tidak Sehat
20;20;10;6,976997772;Kurang Sehat
5;8;5;6,562594972;Tidak Sehat
20;8;12;7,260416405;Tidak Sehat
25;21;11;6,460044778;Tidak Sehat
14;19;14;6,699164936;Kurang Sehat
37;18;12;7,401121811;Kurang Sehat
26;15;6;6,912033409;Kurang Sehat
13;22;5;7,764040111;Kurang Sehat
32;25;9;7,796034006;Kurang Sehat
19;7;9;6,969883483;Tidak Sehat
28;7;9;6,730757538;Tidak Sehat
24;30;11;6,601395755;Kurang Sehat
7;17;10;6,465913274;Tidak Sehat
18;23;8;6,41354791;Tidak Sehat
7;20;12;6,475275337;Tidak Sehat
20;23;11;6,407715561;Tidak Sehat
18;14;11;6,550814117;Tidak Sehat
34;11;10;7,36220835;Tidak Sehat
20;29;10;7,36549204;Kurang Sehat
37;24;13;7,8546243;Kurang Sehat
12;8;10;7,995848977;Tidak Sehat
34;10;14;6,725600855;Tidak Sehat
6;13;9;7,786725333;Tidak Sehat
27;30;5;7,656978112;Kurang Sehat
13;8;12;7,105904818;Tidak Sehat
6;7;7;7,199106204;Tidak Sehat
40;17;15;7,871063004;Kurang Sehat
31;26;9;7,566165721;Kurang Sehat
61;68;50;6,793245417;Kurang Sehat
58;46;45;6,576261427;Kurang Sehat
45;47;55;6,751452932;Kurang Sehat
39;65;53;6,560743093;Kurang Sehat
31;68;45;6,938313356;Kurang Sehat
70;68;45;6,991626158;Kurang Sehat
68;62;50;6,977700268;Kurang Sehat
34;65;47;6,833768535;Kurang Sehat
38;68;54;6,739170045;Kurang Sehat
69;64;47;6,993473247;Kurang Sehat
58;51;47;6,757470637;Kurang Sehat
59;47;53;6,850663232;Kurang Sehat
44;64;54;6,74274935;Kurang Sehat
56;57;48;6,506120752;Kurang Sehat
69;60;54;6,98992719;Kurang Sehat
56;58;49;6,69215564;Kurang Sehat
49;55;53;6,544029776;Kurang Sehat
38;51;52;6,927803911;Kurang Sehat
54;65;47;6,721835879;Kurang Sehat
57;57;51;6,99223441;Kurang Sehat
39;52;53;6,704204398;Kurang Sehat
58;67;45;6,702424548;Kurang Sehat
61;64;52;6,641098708;Kurang Sehat
34;62;55;6,585346229;Kurang Sehat
31;48;45;6,563134737;Kurang Sehat
47;46;52;6,502289473;Kurang Sehat
32;68;52;6,800321319;Kurang Sehat
36;59;46;6,721130543;Kurang Sehat
61;51;51;6,574677594;Kurang Sehat
70;54;46;6,919342407;Kurang Sehat
44;56;49;6,519779583;Kurang Sehat
34;68;51;6,687088098;Kurang Sehat
50;59;47;6,747975732;Kurang Sehat
39;70;52;6,65149129;Kurang Sehat
34;61;49;6,502675132;Kurang Sehat
44;60;55;6,825371185;Kurang Sehat
31;62;52;6,99104104;Kurang Sehat
65;62;51;6,511624841;Kurang Sehat
44;57;53;6,93172108;Kurang Sehat
50;47;48;6,712772333;Kurang Sehat
43;50;48;6,63016515;Kurang Sehat
60;46;53;6,761953186;Kurang Sehat
70;68;55;6,691202286;Kurang Sehat
59;62;52;6,608667684;Kurang Sehat
60;58;51;6,840802254;Kurang Sehat
42;60;47;6,834808348;Kurang Sehat
35;66;47;6,953439161;Kurang Sehat
34;65;48;6,665024508;Kurang Sehat
36;54;46;6,662875839;Kurang Sehat
39;64;52;6,678695788;Kurang Sehat
37;52;47;6,54277684;Kurang Sehat
33;47;46;6,839443833;Kurang Sehat
34;48;48;6,805277038;Kurang Sehat
49;54;50;6,762522087;Kurang Sehat
40;65;49;6,678449318;Kurang Sehat
68;52;49;6,577192175;Kurang Sehat
50;46;52;6,734005648;Kurang Sehat
65;63;50;6,524459342;Kurang Sehat
40;49;47;6,501521192;Kurang Sehat
42;53;48;6,758479569;Kurang Sehat
49;55;51;6,676578778;Kurang Sehat
59;62;49;6,941496806;Kurang Sehat
63;58;47;6,864143752;Kurang Sehat
70;65;52;6,583528529;Kurang Sehat
63;50;52;6,751747609;Kurang Sehat
40;64;47;6,893509446;Kurang Sehat
63;58;50;6,720744449;Kurang Sehat
45;58;49;6,827812549;Kurang Sehat
66;69;47;6,912299695;Kurang Sehat
54;67;52;6,586107335;Kurang Sehat
69;67;52;6,827305908;Kurang Sehat
67;68;49;6,821774589;Kurang Sehat
45;57;47;6,656458831;Kurang Sehat
56;50;52;6,770384816;Kurang Sehat
70;50;53;6,933809743;Kurang Sehat
44;47;45;6,579441304;Kurang Sehat
50;60;47;6,92791761;Kurang Sehat
52;51;53;6,985804083;Kurang Sehat
35;68;45;6,612429546;Kurang Sehat
68;69;52;6,813383387;Kurang Sehat
32;55;52;6,9677596;Kurang Sehat
32;55;51;6,57398033;Kurang Sehat
48;62;47;6,803094965;Kurang Sehat
39;69;53;6,964955435;Kurang Sehat
49;61;45;6,764213299;Kurang Sehat
48;57;54;6,617703178;Kurang Sehat
69;66;49;6,52711001;Kurang Sehat
53;55;55;6,709668804;Kurang Sehat
38;61;52;6,620729882;Kurang Sehat
57;64;55;6,583760499;Kurang Sehat
51;57;55;6,676407337;Kurang Sehat
56;65;45;6,751298936;Kurang Sehat
54;66;52;6,867554147;Kurang Sehat
58;55;47;6,742490027;Kurang Sehat
68;70;54;6,986228647;Kurang Sehat
42;59;55;6,979102243;Kurang Sehat
43;64;47;6,825664782;Kurang Sehat
35;67;49;6,617066674;Kurang Sehat
56;59;55;6,551892638;Kurang Sehat
39;64;53;6,598860305;Kurang Sehat
18;30;29;6,420018717;Tidak Sehat
37;23;28;5,740054567;Tidak Sehat
13;28;33;5,686972967;Tidak Sehat
2;21;35;6,293662363;Tidak Sehat
10;18;35;6,381975465;Tidak Sehat
7;11;32;5,542169139;Tidak Sehat
39;5;31;5,551963184;Tidak Sehat
34;6;27;5,860740481;Tidak Sehat
31;30;29;5,558807063;Tidak Sehat
25;7;35;5,55771171;Tidak Sehat
16;18;26;5,568365926;Tidak Sehat
26;10;33;6,07071786;Tidak Sehat
27;8;32;5,627860549;Tidak Sehat
37;18;30;6,38488418;Tidak Sehat
19;15;34;5,685889066;Tidak Sehat
0;19;33;6,234458417;Tidak Sehat
31;20;26;6,443168642;Tidak Sehat
9;17;32;5,842317989;Tidak Sehat
22;11;29;5,955742971;Tidak Sehat
31;6;26;5,741367375;Tidak Sehat
34;6;30;5,948342571;Tidak Sehat
24;6;32;6,387067562;Tidak Sehat
1;8;26;5,562911913;Tidak Sehat
31;13;33;5,85971872;Tidak Sehat
10;9;28;6,282955073;Tidak Sehat
36;27;26;6,25449571;Tidak Sehat
38;24;33;5,973853124;Tidak Sehat
11;6;25;6,081568052;Tidak Sehat
16;14;30;6,37466756;Tidak Sehat
33;14;35;6,027707171;Tidak Sehat
16;6;29;5,868285082;Tidak Sehat
32;11;31;6,205931638;Tidak Sehat
38;14;30;5,570745386;Tidak Sehat
8;6;33;6,095261013;Tidak Sehat
23;6;33;6,025789594;Tidak Sehat
29;25;35;5,542873799;Tidak Sehat
24;14;33;6,366219551;Tidak Sehat
32;12;30;5,579845008;Tidak Sehat
30;25;31;5,804965067;Tidak Sehat
14;21;35;6,121005506;Tidak Sehat
27;22;29;6,000248647;Tidak Sehat
40;5;29;5,820978791;Tidak Sehat
17;11;32;5,620733794;Tidak Sehat
30;30;35;6,001936419;Tidak Sehat
28;10;30;6,305740522;Tidak Sehat
39;7;29;6,362544111;Tidak Sehat
32;20;35;5,588655387;Tidak Sehat
7;15;32;6,182232762;Tidak Sehat
29;17;29;5,959493188;Tidak Sehat
34;15;34;5,677282678;Tidak Sehat
14;23;25;5,612122797;Tidak Sehat
18;19;29;6,206077742;Tidak Sehat
7;21;35;5,764812076;Tidak Sehat
24;27;34;6,203376525;Tidak Sehat
39;29;29;6,143662699;Tidak Sehat
29;8;28;6,100429497;Tidak Sehat
10;24;27;5,708409601;Tidak Sehat
0;29;32;5,868255858;Tidak Sehat
32;11;31;6,461225827;Tidak Sehat
37;10;32;6,165084855;Tidak Sehat
20;29;27;6,047044342;Tidak Sehat
31;29;35;6,137102505;Tidak Sehat
17;30;27;5,894027065;Tidak Sehat
1;12;30;5,56222383;Tidak Sehat
6;13;29;5,832608028;Tidak Sehat
15;28;32;6,218571874;Tidak Sehat
27;24;29;6,142010637;Tidak Sehat
3;23;30;6,078807239;Tidak Sehat
8;26;26;5,702484758;Tidak Sehat
20;28;26;5,547594847;Tidak Sehat
26;18;27;5,836075368;Tidak Sehat
1;6;35;6,231662767;Tidak Sehat
27;30;31;5,718120393;Tidak Sehat
23;7;34;5,852038202;Tidak Sehat
0;26;31;5,547933273;Tidak Sehat
38;6;25;6,156259104;Tidak Sehat
25;12;26;6,436314406;Tidak Sehat
40;5;32;5,981169595;Tidak Sehat
0;19;31;6,271952833;Tidak Sehat
26;9;32;6,470465614;Tidak Sehat
35;30;34;6,141502001;Tidak Sehat
19;30;30;5,826381164;Tidak Sehat
31;13;33;6,342463714;Tidak Sehat
17;29;26;6,071897347;Tidak Sehat
2;30;30;6,331051715;Tidak Sehat
30;13;25;6,413184638;Tidak Sehat
8;15;33;5,50158009;Tidak Sehat
18;12;35;6,338720873;Tidak Sehat
8;28;30;6,015672239;Tidak Sehat
40;22;29;5,735364307;Tidak Sehat
27;10;33;6,465906333;Tidak Sehat
21;20;31;5,855457599;Tidak Sehat
3;9;35;6,318552973;Tidak Sehat
22;16;27;6,006784979;Tidak Sehat
27;8;30;6,008386283;Tidak Sehat
22;8;33;5,665785202;Tidak Sehat
28;27;32;5,764615485;Tidak Sehat
23;21;26;5,901495544;Tidak Sehat
37;5;34;5,779032666;Tidak Sehat
19;26;29;5,67154928;Tidak Sehat
133;47;24;7,231324765;Kurang Sehat
136;36;20;6,925412377;Kurang Sehat
104;47;18;7,633437412;Kurang Sehat
133;47;23;6,827354668;Kurang Sehat
126;38;23;6,176716425;Kurang Sehat
126;50;19;6,628722836;Kurang Sehat
113;41;20;7,256877571;Kurang Sehat
121;45;22;6,443785385;Kurang Sehat
121;47;16;7,723240151;Kurang Sehat
129;60;22;5,947448589;Kurang Sehat
107;45;25;7,227745516;Kurang Sehat
122;59;18;6,219469084;Kurang Sehat
140;38;15;6,021439523;Kurang Sehat
102;49;21;6,253343655;Kurang Sehat
111;40;25;6,187455799;Kurang Sehat
131;35;18;7,057693366;Kurang Sehat
135;43;16;6,720449769;Kurang Sehat
100;46;18;6,431689506;Kurang Sehat
123;39;24;7,453106264;Kurang Sehat
117;56;15;7,368258226;Kurang Sehat
121;36;24;7,352401887;Kurang Sehat
101;58;18;6,652143699;Kurang Sehat
107;42;24;6,144631795;Kurang Sehat
100;41;22;7,318802162;Kurang Sehat
125;39;21;7,954629324;Kurang Sehat
105;60;23;6,207652157;Kurang Sehat
102;46;19;6,631005298;Kurang Sehat
131;49;22;7,306918817;Kurang Sehat
139;35;15;5,898293044;Kurang Sehat
108;36;19;7,238566893;Kurang Sehat
118;45;23;7,977651226;Kurang Sehat
107;51;22;5,983075895;Kurang Sehat
125;60;17;6,785723961;Kurang Sehat
113;37;20;7,393441155;Kurang Sehat
131;52;16;6,486068274;Kurang Sehat
115;48;16;7,175934962;Kurang Sehat
113;38;25;7,388265888;Kurang Sehat
111;41;18;6,10539819;Kurang Sehat
111;53;19;6,419536555;Kurang Sehat
122;48;16;6,307585854;Kurang Sehat
108;46;17;6,93221485;Kurang Sehat
132;41;22;7,810865753;Kurang Sehat
103;42;17;6,527541661;Kurang Sehat
133;50;25;7,569454601;Kurang Sehat
127;37;18;7,041065585;Kurang Sehat
110;39;25;7,208795456;Kurang Sehat
131;38;19;6,814341946;Kurang Sehat
108;38;24;7,442217061;Kurang Sehat
122;40;17;6,854558957;Kurang Sehat
111;50;15;7,884550475;Kurang Sehat
140;40;17;6,006085786;Kurang Sehat
100;40;20;7,432043735;Kurang Sehat
123;50;16;6,498052108;Kurang Sehat
107;36;21;6,205263534;Kurang Sehat
118;50;19;6,360812227;Kurang Sehat
103;51;20;7,046607434;Kurang Sehat
133;57;19;7,947011366;Kurang Sehat
129;47;20;6,281913858;Kurang Sehat
116;52;19;6,114525877;Kurang Sehat
114;40;23;6,753978061;Kurang Sehat
131;60;17;7,425041316;Kurang Sehat
107;43;18;6,745104394;Kurang Sehat
123;44;21;7,641116569;Kurang Sehat
112;49;25;6,470135478;Kurang Sehat
119;44;15;7,091992365;Kurang Sehat
130;59;19;6,520403794;Kurang Sehat
127;53;24;6,127939628;Kurang Sehat
134;52;18;7,994679507;Kurang Sehat
109;36;18;7,524707577;Kurang Sehat
100;48;17;7,827877818;Kurang Sehat
132;52;19;6,436691764;Kurang Sehat
102;37;25;5,907930899;Kurang Sehat
111;39;22;6,135025006;Kurang Sehat
117;51;15;6,044556594;Kurang Sehat
136;36;24;7,59781958;Kurang Sehat
134;56;18;6,691268104;Kurang Sehat
112;54;15;6,175492306;Kurang Sehat
105;56;15;7,272316209;Kurang Sehat
140;45;15;5,801047545;Kurang Sehat
126;46;25;6,757457943;Kurang Sehat
106;49;24;6,983395573;Kurang Sehat
121;53;19;7,976889498;Kurang Sehat
108;60;17;6,558902588;Kurang Sehat
116;56;17;7,979090365;Kurang Sehat
100;52;19;7,903528673;Kurang Sehat
129;43;16;6,73210948;Kurang Sehat
118;44;23;6,691690476;Kurang Sehat
117;43;25;7,839849298;Kurang Sehat
126;37;21;6,61448588;Kurang Sehat
120;48;16;7,456971816;Kurang Sehat
102;45;16;7,2942193;Kurang Sehat
131;56;20;7,762647875;Kurang Sehat
114;40;17;6,363406102;Kurang Sehat
101;37;18;7,63737841;Kurang Sehat
106;46;20;6,200671976;Kurang Sehat
113;38;20;6,364729934;Kurang Sehat
102;53;21;6,913678684;Kurang Sehat
110;39;18;7,766259769;Kurang Sehat
107;58;15;7,55606399;Kurang Sehat
120;60;15;7,288377241;Kurang Sehat
89;47;38;6,002524871;Kurang Sehat
60;37;39;6,033485257;Kurang Sehat
63;41;45;7,121933579;Kurang Sehat
86;40;39;6,207459637;Kurang Sehat
96;41;40;6,090060478;Kurang Sehat
100;35;36;6,346715209;Kurang Sehat
63;37;43;6,661957897;Kurang Sehat
70;43;40;6,176860192;Kurang Sehat
67;55;44;7,251847296;Kurang Sehat
74;40;40;6,386259978;Kurang Sehat
89;53;44;7,319735475;Kurang Sehat
74;46;45;6,025028997;Kurang Sehat
89;41;38;6,344751947;Kurang Sehat
60;55;40;7,02777956;Kurang Sehat
67;43;38;7,299304715;Kurang Sehat
70;38;35;7,014063944;Kurang Sehat
74;49;38;7,488014404;Kurang Sehat
90;40;39;6,626503893;Kurang Sehat
82;35;44;6,239011;Kurang Sehat
73;45;37;6,742688094;Kurang Sehat
85;53;38;6,588017308;Kurang Sehat
81;56;36;7,097586415;Kurang Sehat
84;55;38;6,956682743;Kurang Sehat
80;45;42;7,380396262;Kurang Sehat
76;54;45;6,176618831;Kurang Sehat
76;56;39;6,551130445;Kurang Sehat
81;40;45;6,427726565;Kurang Sehat
76;44;45;6,740947635;Kurang Sehat
69;47;40;6,130136384;Kurang Sehat
82;40;45;6,667633355;Kurang Sehat
69;57;35;6,186814392;Kurang Sehat
81;36;38;6,334837865;Kurang Sehat
67;60;38;7,16214284;Kurang Sehat
72;51;40;7,422318499;Kurang Sehat
65;39;45;6,768001309;Kurang Sehat
78;50;43;6,348441469;Kurang Sehat
77;52;41;6,097294061;Kurang Sehat
89;52;42;6,14132902;Kurang Sehat
62;49;37;7,479248124;Kurang Sehat
90;48;45;6,509174789;Kurang Sehat
66;47;36;6,57256106;Kurang Sehat
80;52;39;7,165696848;Kurang Sehat
89;52;45;7,207457208;Kurang Sehat
77;51;44;7,124333547;Kurang Sehat
94;37;41;6,463538707;Kurang Sehat
75;41;35;6,856833064;Kurang Sehat
60;55;36;7,132389299;Kurang Sehat
62;56;35;6,235357638;Kurang Sehat
84;40;42;6,704273839;Kurang Sehat
100;56;40;7,433313409;Kurang Sehat
75;56;44;6,109478059;Kurang Sehat
78;46;42;7,095413294;Kurang Sehat
82;48;36;6,352076783;Kurang Sehat
100;58;41;6,658769991;Kurang Sehat
88;50;40;7,051822472;Kurang Sehat
67;41;40;7,333143205;Kurang Sehat
72;42;43;6,352771037;Kurang Sehat
89;40;43;7,124050134;Kurang Sehat
89;57;43;6,998787171;Kurang Sehat
61;41;44;6,537914958;Kurang Sehat
79;45;43;7,171054239;Kurang Sehat
84;40;43;7,228268228;Kurang Sehat
98;43;35;7,319952206;Kurang Sehat
75;36;44;6,613341343;Kurang Sehat
89;58;35;6,096838784;Kurang Sehat
91;41;37;6,132570523;Kurang Sehat
77;48;36;7,36008498;Kurang Sehat
66;58;35;7,321619041;Kurang Sehat
62;59;41;7,175170657;Kurang Sehat
82;35;35;7,299076163;Kurang Sehat
61;41;35;6,842966479;Kurang Sehat
99;57;38;6,356295568;Kurang Sehat
70;42;43;6,508342839;Kurang Sehat
90;59;35;7,098227926;Kurang Sehat
73;43;42;6,310699968;Kurang Sehat
67;46;44;7,093328631;Kurang Sehat
84;37;42;6,691074249;Kurang Sehat
72;41;36;6,187746776;Kurang Sehat
71;56;37;6,491506245;Kurang Sehat
64;53;38;6,855362875;Kurang Sehat
65;54;39;7,124571593;Kurang Sehat
60;58;37;6,067302109;Kurang Sehat
86;39;43;6,432051512;Kurang Sehat
90;50;44;6,253408852;Kurang Sehat
91;38;36;7,287318723;Kurang Sehat
87;48;38;7,161865733;Kurang Sehat
72;41;36;6,065898283;Kurang Sehat
71;54;35;7,311077075;Kurang Sehat
82;46;41;6,581693772;Kurang Sehat
71;52;43;6,732826127;Kurang Sehat
80;43;43;6,014572075;Kurang Sehat
77;55;43;6,663559451;Kurang Sehat
95;57;41;6,434610995;Kurang Sehat
63;47;35;7,432768147;Kurang Sehat
93;43;38;6,987332927;Kurang Sehat
87;44;43;6,718725189;Kurang Sehat
88;52;39;6,880204617;Kurang Sehat
90;39;37;6,86106911;Kurang Sehat
90;39;43;6,7693455;Kurang Sehat
84;38;43;7,26158085;Kurang Sehat
91;21;26;7,261313694;Kurang Sehat
107;21;26;7,235070264;Kurang Sehat
83;38;35;7,18915558;Kurang Sehat
108;24;31;6,431899748;Kurang Sehat
116;28;34;6,42321105;Kurang Sehat
116;23;25;6,869720196;Kurang Sehat
109;31;27;6,973839707;Kurang Sehat
89;25;34;7,184801627;Kurang Sehat
118;18;32;6,351823783;Kurang Sehat
111;32;34;6,392048018;Kurang Sehat
84;36;28;6,119892347;Kurang Sehat
85;33;25;6,910823945;Kurang Sehat
99;15;27;6,501157208;Kurang Sehat
81;30;31;7,027585559;Kurang Sehat
95;39;29;7,13411409;Kurang Sehat
81;34;30;6,647765997;Kurang Sehat
80;15;28;6,703270635;Kurang Sehat
104;20;26;7,493191968;Kurang Sehat
109;29;28;6,724688503;Kurang Sehat
100;32;26;6,043485685;Kurang Sehat
100;24;28;7,101661011;Kurang Sehat
83;21;28;7,466900683;Kurang Sehat
120;23;28;6,877799264;Kurang Sehat
104;26;30;6,410992833;Kurang Sehat
108;33;31;7,393825704;Kurang Sehat
91;25;26;7,482414225;Kurang Sehat
86;26;27;6,081172981;Tidak Sehat
98;18;27;6,516312148;Kurang Sehat
111;27;31;6,043330951;Kurang Sehat
84;39;35;6,959404135;Kurang Sehat
98;27;27;7,238109556;Kurang Sehat
118;21;34;7,234258375;Kurang Sehat
103;27;31;6,691541233;Kurang Sehat
82;24;33;6,809593554;Kurang Sehat
86;31;35;6,485761419;Kurang Sehat
88;35;35;6,784460602;Kurang Sehat
84;27;29;7,167092586;Kurang Sehat
120;40;33;6,73410539;Kurang Sehat
106;40;30;6,779984384;Kurang Sehat
113;21;33;7,277422738;Kurang Sehat
117;34;25;7,21270048;Kurang Sehat
80;30;25;7,487266991;Kurang Sehat
88;21;27;7,231166546;Kurang Sehat
113;33;34;6,559817161;Kurang Sehat
87;23;28;6,979590627;Kurang Sehat
113;15;29;6,779230041;Kurang Sehat
98;29;30;6,217974349;Tidak Sehat
97;29;27;7,205078785;Kurang Sehat
85;35;32;6,854011265;Kurang Sehat
82;29;35;6,246872394;Tidak Sehat
103;33;25;6,911066044;Kurang Sehat
112;17;28;6,777417989;Kurang Sehat
99;19;33;6,273741983;Tidak Sehat
120;20;34;6,906124587;Kurang Sehat
114;27;28;7,162802357;Kurang Sehat
100;40;35;6,955787351;Kurang Sehat
108;35;25;6,971963169;Kurang Sehat
115;31;30;6,840927967;Kurang Sehat
87;28;30;6,536676653;Kurang Sehat
82;24;26;6,089443603;Tidak Sehat
94;26;27;7,456460375;Kurang Sehat
87;28;35;6,759211911;Kurang Sehat
118;40;35;7,460174812;Kurang Sehat
87;38;29;6,652642579;Kurang Sehat
92;40;30;6,026287448;Kurang Sehat
97;22;26;6,074190142;Tidak Sehat
99;40;32;7,045543056;Kurang Sehat
89;28;33;6,993236001;Kurang Sehat
112;39;29;6,726528895;Kurang Sehat
111;28;26;6,937352845;Kurang Sehat
114;20;26;7,27905689;Kurang Sehat
117;26;30;7,079850922;Kurang Sehat
111;29;31;6,136286518;Kurang Sehat
119;30;28;6,505203696;Kurang Sehat
116;40;33;7,042089492;Kurang Sehat
95;37;35;6,348337519;Kurang Sehat
86;40;33;7,432322234;Kurang Sehat
117;37;32;6,787658922;Kurang Sehat
105;18;35;6,743417121;Kurang Sehat
109;23;25;7,00733163;Kurang Sehat
80;18;31;7,303033217;Kurang Sehat
101;31;26;6,861235184;Kurang Sehat
103;33;33;7,131435858;Kurang Sehat
93;26;27;7,288211994;Kurang Sehat
104;35;28;6,983732393;Kurang Sehat
116;36;25;6,172090205;Kurang Sehat
107;38;29;6,35118177;Kurang Sehat
101;33;33;6,908671379;Kurang Sehat
107;31;31;6,766184468;Kurang Sehat
99;16;30;6,392791654;Tidak Sehat
103;40;30;6,348316257;Kurang Sehat
118;31;34;6,123796057;Kurang Sehat
106;21;35;7,428523634;Kurang Sehat
116;38;34;6,020947179;Kurang Sehat
97;35;26;6,334610249;Kurang Sehat
107;34;32;6,78006386;Kurang Sehat
99;15;27;6,086922359;Tidak Sehat
118;33;30;6,362607851;Kurang Sehat
117;32;34;6,758792552;Kurang Sehat
104;18;30;6,779832611;Kurang Sehat
